date,PM2.5,PM10,NO2,SO2,AQI,Category
2020-01-01,57.04,125.48,47.88,2.58,142,Moderate
2020-01-02,62.23,149.51,56.86,2.51,155,Moderate
2020-01-03,102.84,228.27,45.97,5.88,257,Poor
2020-01-04,73.36,141.48,30.5,6.16,183,Moderate
2020-01-05,78.48,115.33,32.79,5.32,196,Moderate
2020-01-06,61.14,123.59,36.23,7.69,152,Moderate
2020-01-07,58.06,132.42,31.88,5.77,145,Moderate
2020-01-08,88.49,152.52,52.44,7.99,221,Poor
2020-01-09,139.19,194.47,32.0,4.54,347,Very Poor
2020-01-10,74.65,175.39,47.28,3.11,186,Moderate
2020-01-11,56.84,122.09,50.98,5.6,142,Moderate
2020-01-12,105.0,175.31,39.64,2.66,262,Poor
2020-01-13,93.45,120.98,42.9,4.64,233,Poor
2020-01-14,66.52,168.28,55.95,6.92,168,Moderate
2020-01-15,71.94,124.68,54.94,3.79,179,Moderate
2020-01-16,59.35,161.03,53.4,3.29,161,Moderate
2020-01-17,73.0,166.86,37.11,4.67,182,Moderate
2020-01-18,83.74,136.96,47.28,7.25,209,Poor
2020-01-19,86.31,115.53,40.07,6.04,215,Poor
2020-01-20,58.72,134.38,55.68,2.51,146,Moderate
2020-01-21,75.97,179.52,54.52,3.44,189,Moderate
2020-01-22,59.42,158.75,33.09,6.09,158,Moderate
2020-01-23,76.89,136.02,31.62,3.87,192,Moderate
2020-01-24,93.99,118.67,43.13,3.95,234,Poor
2020-01-25,69.36,144.34,52.5,7.96,173,Moderate
2020-01-26,78.59,126.98,45.68,3.49,196,Moderate
2020-01-27,69.35,170.56,58.09,3.25,173,Moderate
2020-01-28,83.28,199.82,42.15,2.91,208,Poor
2020-01-29,55.16,141.58,54.37,3.21,141,Moderate
2020-01-30,66.29,162.64,40.89,2.25,165,Moderate
2020-01-31,82.66,158.98,55.39,6.82,206,Poor
2020-02-01,71.95,117.41,45.69,3.65,179,Moderate
2020-02-02,85.32,143.67,37.13,7.3,213,Poor
2020-02-03,94.45,170.02,45.39,4.35,236,Poor
2020-02-04,90.82,128.59,33.17,3.55,227,Poor
2020-02-05,67.95,125.94,31.26,6.03,169,Moderate
2020-02-06,80.94,148.59,30.69,3.84,202,Poor
2020-02-07,88.77,179.96,52.3,7.84,221,Poor
2020-02-08,63.04,152.57,34.06,5.02,157,Moderate
2020-02-09,88.11,111.75,40.92,7.59,220,Poor
2020-02-10,61.45,120.78,33.39,6.15,153,Moderate
2020-02-11,67.92,124.44,36.37,7.4,169,Moderate
2020-02-12,112.49,232.23,39.19,6.51,281,Poor
2020-02-13,59.41,121.0,55.7,5.34,148,Moderate
2020-02-14,63.75,135.97,57.83,5.11,159,Moderate
2020-02-15,81.41,133.07,40.2,6.61,203,Poor
2020-02-16,74.75,115.6,56.55,2.82,186,Moderate
2020-02-17,62.49,155.1,34.54,2.43,156,Moderate
2020-02-18,93.76,165.21,45.13,4.94,234,Poor
2020-02-19,70.27,177.15,55.32,2.89,177,Moderate
2020-02-20,60.99,161.23,42.37,5.0,161,Moderate
2020-02-21,84.39,123.34,44.39,3.98,210,Poor
2020-02-22,121.48,206.87,38.98,4.21,303,Very Poor
2020-02-23,94.36,161.81,58.95,6.63,235,Poor
2020-02-24,56.14,171.59,37.09,7.97,171,Moderate
2020-02-25,89.03,123.36,58.99,5.39,222,Poor
2020-02-26,61.79,155.92,42.55,3.55,155,Moderate
2020-02-27,125.56,197.07,51.37,3.36,313,Very Poor
2020-02-28,57.17,137.5,42.95,3.51,142,Moderate
2020-02-29,109.25,229.17,42.74,5.02,273,Poor
2020-03-01,57.24,193.48,32.67,2.0,193,Moderate
2020-03-02,45.05,158.98,37.02,3.46,158,Moderate
2020-03-03,40.96,163.64,36.02,4.48,163,Moderate
2020-03-04,48.6,128.83,39.35,3.0,128,Moderate
2020-03-05,45.27,146.83,35.66,4.27,146,Moderate
2020-03-06,68.51,199.44,21.75,4.83,199,Moderate
2020-03-07,59.04,153.59,42.79,3.09,153,Moderate
2020-03-08,40.59,194.87,35.64,4.63,194,Moderate
2020-03-09,47.25,133.26,32.15,3.96,133,Moderate
2020-03-10,46.7,196.14,36.04,3.66,196,Moderate
2020-03-11,47.94,159.08,44.53,2.07,159,Moderate
2020-03-12,63.93,125.51,43.64,4.93,159,Moderate
2020-03-13,68.71,126.2,26.65,3.01,171,Moderate
2020-03-14,48.34,172.83,33.61,3.85,172,Moderate
2020-03-15,53.49,143.4,37.3,2.34,143,Moderate
2020-03-16,42.51,138.64,29.8,4.23,138,Moderate
2020-03-17,69.11,180.38,34.59,2.16,180,Moderate
2020-03-18,59.87,171.69,22.67,5.08,171,Moderate
2020-03-19,66.17,199.9,21.59,5.95,199,Moderate
2020-03-20,50.44,159.78,41.06,3.6,159,Moderate
2020-03-21,44.96,173.26,33.75,3.63,173,Moderate
2020-03-22,66.36,158.8,31.09,2.07,165,Moderate
2020-03-23,51.58,127.92,34.85,3.14,128,Moderate
2020-03-24,50.43,181.82,40.94,4.48,181,Moderate
2020-03-25,58.47,140.57,42.62,4.44,146,Moderate
2020-03-26,58.05,186.51,26.77,5.89,186,Moderate
2020-03-27,41.17,187.93,28.45,2.79,187,Moderate
2020-03-28,62.47,122.75,31.05,5.87,156,Moderate
2020-03-29,65.5,176.42,43.31,4.82,176,Moderate
2020-03-30,44.38,182.74,40.95,4.5,182,Moderate
2020-03-31,41.72,137.92,43.26,2.5,137,Moderate
2020-04-01,50.52,122.99,28.11,5.95,126,Moderate
2020-04-02,61.78,130.84,36.58,2.52,154,Moderate
2020-04-03,50.08,154.77,22.09,3.26,154,Moderate
2020-04-04,53.68,128.26,26.77,5.3,134,Moderate
2020-04-05,45.96,182.25,21.54,5.59,182,Moderate
2020-04-06,88.43,243.01,28.97,3.77,243,Poor
2020-04-07,65.28,150.56,28.5,2.16,163,Moderate
2020-04-08,65.51,139.35,29.53,3.5,163,Moderate
2020-04-09,67.57,141.56,32.76,4.77,168,Moderate
2020-04-10,50.13,192.81,23.05,5.04,192,Moderate
2020-04-11,42.3,194.62,20.7,5.33,194,Moderate
2020-04-12,53.81,122.67,25.98,3.08,134,Moderate
2020-04-13,48.01,145.35,23.34,2.45,145,Moderate
2020-04-14,68.69,163.18,41.56,5.45,171,Moderate
2020-04-15,54.62,185.74,38.71,3.57,185,Moderate
2020-04-16,59.81,157.91,23.83,4.26,157,Moderate
2020-04-17,67.48,199.93,24.46,2.08,199,Moderate
2020-04-18,66.0,137.84,26.41,3.93,165,Moderate
2020-04-19,67.81,162.99,41.8,4.4,169,Moderate
2020-04-20,54.09,192.69,29.68,5.41,192,Moderate
2020-04-21,69.6,179.13,42.19,2.13,179,Moderate
2020-04-22,44.49,123.88,34.21,4.09,123,Moderate
2020-04-23,46.87,196.43,24.72,5.59,196,Moderate
2020-04-24,53.0,151.32,28.22,4.09,151,Moderate
2020-04-25,57.45,152.39,39.67,5.33,152,Moderate
2020-04-26,63.83,181.39,41.65,5.25,181,Moderate
2020-04-27,51.79,167.29,24.6,2.23,167,Moderate
2020-04-28,41.25,150.84,28.27,2.56,150,Moderate
2020-04-29,50.51,178.1,27.83,4.25,178,Moderate
2020-04-30,48.0,143.95,39.63,2.17,143,Moderate
2020-05-01,67.26,127.82,24.72,5.66,168,Moderate
2020-05-02,63.08,191.76,30.37,4.16,191,Moderate
2020-05-03,48.04,197.38,35.29,4.17,197,Moderate
2020-05-04,51.46,126.19,39.78,5.09,128,Moderate
2020-05-05,77.02,244.41,43.87,2.7,244,Poor
2020-05-06,66.27,145.07,31.38,2.06,165,Moderate
2020-05-07,56.71,122.74,38.45,5.42,141,Moderate
2020-05-08,48.15,197.26,40.57,3.74,197,Moderate
2020-05-09,47.02,197.54,44.1,4.31,197,Moderate
2020-05-10,69.47,136.93,29.72,4.22,173,Moderate
2020-05-11,66.65,157.02,25.97,2.18,166,Moderate
2020-05-12,51.27,131.43,31.15,2.65,131,Moderate
2020-05-13,95.58,202.04,38.26,4.35,238,Poor
2020-05-14,44.88,139.16,31.66,3.09,139,Moderate
2020-05-15,41.01,144.68,39.63,3.35,144,Moderate
2020-05-16,68.2,231.74,34.72,5.25,231,Poor
2020-05-17,53.0,139.77,34.23,2.97,139,Moderate
2020-05-18,62.38,173.87,37.75,4.63,173,Moderate
2020-05-19,52.04,159.09,40.86,5.38,159,Moderate
2020-05-20,69.57,246.97,23.68,3.78,246,Poor
2020-05-21,63.22,122.69,31.95,2.98,158,Moderate
2020-05-22,65.7,182.2,26.32,4.69,182,Moderate
2020-05-23,67.34,162.93,34.58,5.33,168,Moderate
2020-05-24,61.69,168.07,42.67,3.93,168,Moderate
2020-05-25,46.36,151.11,23.45,3.09,151,Moderate
2020-05-26,60.75,212.89,40.61,4.34,212,Poor
2020-05-27,64.49,156.44,38.95,5.29,161,Moderate
2020-05-28,44.4,193.56,36.1,4.68,193,Moderate
2020-05-29,48.21,141.55,25.63,3.99,141,Moderate
2020-05-30,41.46,184.25,39.0,5.39,184,Moderate
2020-05-31,56.14,145.82,31.55,4.95,145,Moderate
2020-06-01,21.73,55.52,12.1,2.18,55,Satisfactory
2020-06-02,16.19,71.51,18.93,3.01,71,Satisfactory
2020-06-03,25.74,63.58,22.82,1.14,64,Satisfactory
2020-06-04,16.05,53.36,25.11,2.8,53,Satisfactory
2020-06-05,49.19,98.12,17.43,1.92,122,Moderate
2020-06-06,30.66,60.24,24.91,2.01,76,Satisfactory
2020-06-07,26.93,62.9,10.71,2.53,67,Satisfactory
2020-06-08,16.19,55.03,20.57,1.28,55,Satisfactory
2020-06-09,32.03,52.46,28.26,1.22,80,Satisfactory
2020-06-10,28.72,51.29,20.45,1.18,71,Satisfactory
2020-06-11,24.54,50.36,16.35,2.5,61,Satisfactory
2020-06-12,29.06,50.61,13.39,3.64,72,Satisfactory
2020-06-13,19.3,76.84,15.27,2.18,76,Satisfactory
2020-06-14,30.55,66.14,21.92,3.06,76,Satisfactory
2020-06-15,37.76,88.19,11.78,1.9,94,Satisfactory
2020-06-16,25.32,47.37,16.75,2.26,63,Satisfactory
2020-06-17,33.77,66.01,17.54,1.78,84,Satisfactory
2020-06-18,18.47,58.15,19.48,2.8,58,Satisfactory
2020-06-19,22.53,62.41,10.3,2.82,62,Satisfactory
2020-06-20,33.32,52.39,21.8,3.27,83,Satisfactory
2020-06-21,51.84,85.98,17.5,1.34,129,Moderate
2020-06-22,24.13,71.7,24.65,1.94,71,Satisfactory
2020-06-23,20.36,70.16,27.08,2.41,70,Satisfactory
2020-06-24,30.97,53.49,27.73,1.78,77,Satisfactory
2020-06-25,34.88,78.23,23.66,3.11,87,Satisfactory
2020-06-26,16.35,74.7,12.78,1.25,74,Satisfactory
2020-06-27,24.12,58.61,13.38,2.25,60,Satisfactory
2020-06-28,15.23,63.0,13.11,2.49,63,Satisfactory
2020-06-29,22.8,61.35,12.95,2.43,61,Satisfactory
2020-06-30,20.24,60.58,13.91,1.67,60,Satisfactory
2020-07-01,23.18,57.35,10.98,1.08,57,Satisfactory
2020-07-02,20.33,43.87,21.2,3.14,50,Satisfactory
2020-07-03,17.78,46.59,20.16,3.11,46,Good
2020-07-04,36.96,106.59,15.42,1.05,106,Moderate
2020-07-05,30.53,95.69,17.46,3.56,95,Satisfactory
2020-07-06,28.89,57.87,13.09,1.6,72,Satisfactory
2020-07-07,30.74,58.45,15.91,1.82,76,Satisfactory
2020-07-08,30.12,77.52,13.14,2.98,77,Satisfactory
2020-07-09,18.21,47.8,11.16,1.19,47,Good
2020-07-10,18.47,47.91,16.85,2.02,47,Good
2020-07-11,34.77,41.64,24.97,2.99,86,Satisfactory
2020-07-12,32.56,79.09,24.13,3.01,81,Satisfactory
2020-07-13,23.19,48.18,15.84,1.04,57,Satisfactory
2020-07-14,26.09,76.2,29.72,1.77,76,Satisfactory
2020-07-15,30.7,80.0,12.45,3.37,79,Satisfactory
2020-07-16,28.95,56.91,14.32,2.94,72,Satisfactory
2020-07-17,25.75,65.53,17.43,3.35,65,Satisfactory
2020-07-18,23.56,49.57,27.75,1.32,58,Satisfactory
2020-07-19,34.72,60.35,14.63,1.96,86,Satisfactory
2020-07-20,21.16,60.14,20.71,2.22,60,Satisfactory
2020-07-21,18.9,78.03,14.79,1.24,78,Satisfactory
2020-07-22,25.63,72.99,23.09,3.07,72,Satisfactory
2020-07-23,23.86,47.62,19.41,2.01,59,Satisfactory
2020-07-24,15.68,78.39,12.69,1.25,78,Satisfactory
2020-07-25,41.0,77.86,29.95,2.96,102,Moderate
2020-07-26,26.14,79.8,15.17,3.46,79,Satisfactory
2020-07-27,20.12,70.18,17.74,1.87,70,Satisfactory
2020-07-28,31.99,48.5,12.15,3.58,79,Satisfactory
2020-07-29,22.83,61.86,19.59,2.77,61,Satisfactory
2020-07-30,34.06,41.81,16.21,2.44,85,Satisfactory
2020-07-31,31.33,47.59,25.22,1.75,78,Satisfactory
2020-08-01,27.08,73.3,18.73,2.97,73,Satisfactory
2020-08-02,18.02,77.46,20.19,1.04,77,Satisfactory
2020-08-03,32.79,50.42,25.82,3.35,81,Satisfactory
2020-08-04,18.73,72.81,12.19,3.07,72,Satisfactory
2020-08-05,34.46,67.65,16.87,3.38,86,Satisfactory
2020-08-06,26.57,63.02,27.0,3.08,66,Satisfactory
2020-08-07,34.88,46.67,29.55,2.41,87,Satisfactory
2020-08-08,34.37,74.0,25.05,1.15,85,Satisfactory
2020-08-09,27.73,75.31,18.24,2.04,75,Satisfactory
2020-08-10,23.46,77.14,10.85,3.53,77,Satisfactory
2020-08-11,46.2,90.75,27.03,1.65,115,Moderate
2020-08-12,19.44,67.13,28.35,1.0,67,Satisfactory
2020-08-13,25.16,72.22,24.05,3.2,72,Satisfactory
2020-08-14,24.71,106.75,28.69,1.17,106,Moderate
2020-08-15,33.04,64.11,14.74,1.78,82,Satisfactory
2020-08-16,27.26,59.88,26.8,2.26,68,Satisfactory
2020-08-17,16.8,51.2,26.25,3.56,51,Satisfactory
2020-08-18,28.76,63.17,23.66,2.31,71,Satisfactory
2020-08-19,31.71,53.7,15.26,3.63,79,Satisfactory
2020-08-20,24.42,66.33,19.5,2.72,66,Satisfactory
2020-08-21,20.43,41.03,10.19,1.37,51,Satisfactory
2020-08-22,19.35,70.38,19.56,1.57,70,Satisfactory
2020-08-23,28.18,47.94,16.41,1.53,70,Satisfactory
2020-08-24,20.76,74.99,20.47,3.67,74,Satisfactory
2020-08-25,31.75,63.53,29.91,1.53,79,Satisfactory
2020-08-26,16.81,67.18,10.1,3.61,67,Satisfactory
2020-08-27,29.67,44.74,15.89,2.51,74,Satisfactory
2020-08-28,28.61,82.67,26.1,2.51,82,Satisfactory
2020-08-29,15.88,53.78,29.1,2.32,53,Satisfactory
2020-08-30,33.27,57.39,14.28,2.34,83,Satisfactory
2020-08-31,43.19,74.25,13.08,3.48,107,Moderate
2020-09-01,29.18,54.7,10.21,1.66,72,Satisfactory
2020-09-02,34.02,49.24,16.46,3.62,85,Satisfactory
2020-09-03,30.76,50.76,10.83,2.32,76,Satisfactory
2020-09-04,20.62,68.26,14.99,1.92,68,Satisfactory
2020-09-05,32.14,72.31,22.58,2.64,80,Satisfactory
2020-09-06,23.24,41.47,27.59,2.77,58,Satisfactory
2020-09-07,50.89,100.64,19.82,3.4,127,Moderate
2020-09-08,27.84,79.72,27.04,1.64,79,Satisfactory
2020-09-09,43.38,93.28,13.34,3.64,108,Moderate
2020-09-10,30.73,56.37,18.79,2.26,76,Satisfactory
2020-09-11,27.98,49.99,12.52,3.73,69,Satisfactory
2020-09-12,24.78,42.97,11.28,3.5,61,Satisfactory
2020-09-13,17.61,62.13,11.64,2.34,62,Satisfactory
2020-09-14,31.6,63.47,13.59,3.68,79,Satisfactory
2020-09-15,15.95,52.38,15.89,1.17,52,Satisfactory
2020-09-16,32.01,72.88,12.46,3.66,80,Satisfactory
2020-09-17,25.04,63.25,29.22,3.51,63,Satisfactory
2020-09-18,27.09,68.78,26.86,2.57,68,Satisfactory
2020-09-19,17.51,46.21,19.81,3.38,46,Good
2020-09-20,22.7,76.32,12.84,2.57,76,Satisfactory
2020-09-21,23.88,60.5,29.82,1.42,60,Satisfactory
2020-09-22,19.34,71.85,19.91,2.05,71,Satisfactory
2020-09-23,27.19,65.94,15.32,2.09,67,Satisfactory
2020-09-24,30.97,79.52,11.92,2.7,79,Satisfactory
2020-09-25,20.21,64.92,22.66,1.68,64,Satisfactory
2020-09-26,30.36,79.52,18.4,3.46,79,Satisfactory
2020-09-27,16.97,43.47,11.04,1.66,43,Good
2020-09-28,21.29,76.55,12.65,3.51,76,Satisfactory
2020-09-29,17.28,42.82,25.6,1.88,43,Good
2020-09-30,37.44,85.85,22.04,1.72,93,Satisfactory
2020-10-01,59.74,110.92,47.38,2.43,149,Moderate
2020-10-02,66.85,99.76,32.59,4.86,167,Moderate
2020-10-03,67.42,95.9,27.48,3.56,168,Moderate
2020-10-04,69.38,130.69,26.76,4.28,173,Moderate
2020-10-05,76.75,181.53,29.25,4.16,191,Moderate
2020-10-06,42.0,119.81,45.1,4.19,119,Moderate
2020-10-07,109.01,136.57,33.85,2.18,272,Poor
2020-10-08,72.34,132.9,47.29,3.08,180,Moderate
2020-10-09,60.62,128.79,39.78,4.45,151,Moderate
2020-10-10,43.9,135.84,40.46,2.31,135,Moderate
2020-10-11,45.59,128.64,34.2,3.71,128,Moderate
2020-10-12,74.36,102.99,28.51,2.49,185,Moderate
2020-10-13,64.73,92.59,35.95,4.76,161,Moderate
2020-10-14,43.14,109.51,33.24,4.63,109,Moderate
2020-10-15,70.63,113.24,46.6,4.23,176,Moderate
2020-10-16,50.25,136.66,35.48,2.45,136,Moderate
2020-10-17,62.68,106.06,26.55,3.47,156,Moderate
2020-10-18,68.43,95.75,34.73,4.4,171,Moderate
2020-10-19,67.74,166.01,42.03,4.97,169,Moderate
2020-10-20,80.65,162.4,41.24,2.16,201,Poor
2020-10-21,40.57,110.95,47.62,3.26,110,Moderate
2020-10-22,66.83,131.5,32.27,3.89,167,Moderate
2020-10-23,51.82,108.96,26.56,3.71,129,Moderate
2020-10-24,47.22,95.46,38.93,3.5,118,Moderate
2020-10-25,47.12,122.72,35.89,4.75,122,Moderate
2020-10-26,85.7,182.08,35.78,2.34,214,Poor
2020-10-27,63.39,104.7,39.14,2.11,158,Moderate
2020-10-28,45.95,92.04,47.99,3.4,114,Moderate
2020-10-29,74.79,116.15,44.5,4.71,186,Moderate
2020-10-30,52.62,130.47,46.69,2.14,131,Moderate
2020-10-31,72.36,93.5,48.16,4.71,180,Moderate
2020-11-01,82.19,150.96,40.34,3.66,205,Poor
2020-11-02,77.77,164.07,51.43,4.25,194,Moderate
2020-11-03,89.58,154.46,57.22,7.04,223,Poor
2020-11-04,85.09,132.22,39.74,2.74,212,Poor
2020-11-05,81.3,136.37,54.03,6.97,203,Poor
2020-11-06,66.28,125.28,30.75,2.33,165,Moderate
2020-11-07,88.45,179.53,30.05,7.43,221,Poor
2020-11-08,55.3,142.03,49.29,5.86,142,Moderate
2020-11-09,131.3,163.36,40.75,5.84,328,Very Poor
2020-11-10,137.56,154.81,44.62,4.2,343,Very Poor
2020-11-11,80.87,124.83,34.93,4.28,202,Poor
2020-11-12,131.53,179.75,42.34,2.92,328,Very Poor
2020-11-13,87.78,147.69,45.84,6.35,219,Poor
2020-11-14,317.8,380.99,68.32,12.73,500,Severe
2020-11-15,161.19,284.08,51.84,5.66,402,Severe
2020-11-16,69.6,129.37,54.2,6.84,173,Moderate
2020-11-17,94.68,142.56,48.65,2.74,236,Poor
2020-11-18,92.15,124.83,33.04,6.44,230,Poor
2020-11-19,59.66,136.06,50.7,7.85,149,Moderate
2020-11-20,66.32,167.28,31.96,5.8,167,Moderate
2020-11-21,86.76,146.93,37.77,6.5,216,Poor
2020-11-22,137.91,216.61,32.0,2.17,344,Very Poor
2020-11-23,91.8,139.23,54.41,6.14,229,Poor
2020-11-24,104.57,239.95,41.5,5.16,261,Poor
2020-11-25,84.82,155.48,56.66,6.6,212,Poor
2020-11-26,68.02,172.1,37.03,6.64,172,Moderate
2020-11-27,97.54,204.97,53.62,3.32,243,Poor
2020-11-28,60.48,170.12,35.08,3.61,170,Moderate
2020-11-29,94.87,130.46,43.22,6.21,237,Poor
2020-11-30,94.37,158.06,55.77,4.31,235,Poor
2020-12-01,78.37,156.8,56.4,6.48,195,Moderate
2020-12-02,82.5,153.05,44.17,4.61,206,Poor
2020-12-03,94.86,142.8,40.79,4.82,237,Poor
2020-12-04,93.72,120.44,33.08,4.26,234,Poor
2020-12-05,85.89,143.89,47.91,6.75,214,Poor
2020-12-06,85.95,138.9,55.31,4.88,214,Poor
2020-12-07,69.74,171.84,54.74,2.36,174,Moderate
2020-12-08,130.18,199.33,30.02,6.67,325,Very Poor
2020-12-09,95.65,186.13,33.95,4.7,239,Poor
2020-12-10,69.9,119.5,49.57,4.67,174,Moderate
2020-12-11,81.37,121.51,41.78,3.56,203,Poor
2020-12-12,131.09,232.81,42.94,5.57,327,Very Poor
2020-12-13,61.42,140.35,47.76,4.16,153,Moderate
2020-12-14,60.4,137.05,30.59,3.58,150,Moderate
2020-12-15,56.19,142.54,46.9,4.46,142,Moderate
2020-12-16,72.2,175.04,45.41,7.0,180,Moderate
2020-12-17,131.0,194.36,37.89,4.95,327,Very Poor
2020-12-18,86.54,175.16,48.92,5.03,216,Poor
2020-12-19,59.98,170.08,57.03,3.58,170,Moderate
2020-12-20,89.27,142.36,32.81,6.18,223,Poor
2020-12-21,74.91,134.27,43.82,4.57,187,Moderate
2020-12-22,61.18,156.41,41.29,6.35,156,Moderate
2020-12-23,63.5,156.6,58.03,5.81,158,Moderate
2020-12-24,79.83,178.0,57.49,6.36,199,Moderate
2020-12-25,124.37,195.19,48.84,2.22,310,Very Poor
2020-12-26,58.77,142.76,57.72,4.94,146,Moderate
2020-12-27,75.31,141.95,43.36,4.9,188,Moderate
2020-12-28,92.25,123.01,58.06,6.84,230,Poor
2020-12-29,116.06,228.76,35.56,2.48,290,Poor
2020-12-30,66.13,113.31,52.27,4.77,165,Moderate
2020-12-31,65.45,131.37,59.12,5.55,163,Moderate
2021-01-01,65.03,116.22,51.39,2.84,162,Moderate
2021-01-02,88.96,149.84,50.62,5.77,222,Poor
2021-01-03,70.75,117.67,47.73,5.64,176,Moderate
2021-01-04,88.36,121.09,55.86,3.72,220,Poor
2021-01-05,75.88,134.83,46.1,7.44,189,Moderate
2021-01-06,72.44,138.96,58.93,5.69,181,Moderate
2021-01-07,69.58,146.26,37.04,4.71,173,Moderate
2021-01-08,75.05,163.75,48.82,5.12,187,Moderate
2021-01-09,77.03,168.76,39.94,5.39,192,Moderate
2021-01-10,58.42,168.23,59.03,4.94,168,Moderate
2021-01-11,92.58,123.12,30.15,6.86,231,Poor
2021-01-12,58.62,135.48,54.39,2.13,146,Moderate
2021-01-13,89.61,163.3,59.11,2.03,224,Poor
2021-01-14,75.78,116.91,57.1,7.19,189,Moderate
2021-01-15,119.52,161.44,43.46,7.02,298,Poor
2021-01-16,83.53,151.11,34.27,2.52,208,Poor
2021-01-17,78.03,116.08,34.63,2.22,195,Moderate
2021-01-18,87.5,147.84,38.63,5.46,218,Poor
2021-01-19,104.77,236.14,30.93,3.05,261,Poor
2021-01-20,87.98,179.05,46.75,7.74,219,Poor
2021-01-21,75.87,133.03,51.33,2.5,189,Moderate
2021-01-22,86.02,191.36,42.19,7.27,215,Poor
2021-01-23,65.15,120.44,58.78,7.47,162,Moderate
2021-01-24,89.27,163.18,49.75,3.34,223,Poor
2021-01-25,118.7,188.0,48.99,3.64,296,Poor
2021-01-26,90.38,130.8,58.99,3.58,225,Poor
2021-01-27,72.41,141.93,56.41,3.09,181,Moderate
2021-01-28,94.28,173.42,42.94,5.79,235,Poor
2021-01-29,90.16,176.01,56.39,5.08,225,Poor
2021-01-30,80.07,120.73,55.89,7.39,200,Poor
2021-01-31,83.85,145.45,33.25,7.68,209,Poor
2021-02-01,91.5,111.48,48.27,2.6,228,Poor
2021-02-02,79.15,128.23,54.42,2.38,197,Moderate
2021-02-03,68.93,152.17,46.71,2.42,172,Moderate
2021-02-04,94.19,115.85,58.77,5.34,235,Poor
2021-02-05,89.86,173.64,55.56,5.54,224,Poor
2021-02-06,60.28,157.44,37.19,6.48,157,Moderate
2021-02-07,59.45,135.58,42.01,3.3,148,Moderate
2021-02-08,130.48,250.32,45.89,6.78,326,Very Poor
2021-02-09,82.51,124.11,52.49,4.11,206,Poor
2021-02-10,56.78,170.12,31.37,3.16,170,Moderate
2021-02-11,90.54,231.73,56.28,7.5,231,Poor
2021-02-12,61.96,129.48,59.98,4.61,154,Moderate
2021-02-13,86.15,112.17,49.39,6.62,215,Poor
2021-02-14,76.43,113.74,34.77,2.74,191,Moderate
2021-02-15,57.49,113.87,59.76,7.09,143,Moderate
2021-02-16,70.6,138.82,39.34,5.73,176,Moderate
2021-02-17,71.22,126.7,43.07,4.72,178,Moderate
2021-02-18,89.01,140.35,39.03,7.79,222,Poor
2021-02-19,57.86,147.21,45.94,4.44,147,Moderate
2021-02-20,92.03,156.14,39.83,2.8,230,Poor
2021-02-21,75.93,116.68,49.06,4.76,189,Moderate
2021-02-22,60.83,119.23,54.84,7.82,152,Moderate
2021-02-23,117.56,156.91,47.06,5.96,293,Poor
2021-02-24,79.49,146.64,47.91,3.25,198,Moderate
2021-02-25,56.31,155.74,59.52,3.39,155,Moderate
2021-02-26,68.01,167.79,37.29,5.01,170,Moderate
2021-02-27,83.22,152.76,30.63,7.87,208,Poor
2021-02-28,57.28,147.95,37.94,3.56,147,Moderate
2021-03-01,56.36,133.61,30.94,5.99,140,Moderate
2021-03-02,75.37,259.47,32.86,3.14,259,Poor
2021-03-03,42.93,153.12,38.14,5.32,153,Moderate
2021-03-04,41.1,162.23,37.09,4.64,162,Moderate
2021-03-05,49.84,194.17,32.11,2.28,194,Moderate
2021-03-06,62.03,195.29,20.91,3.01,195,Moderate
2021-03-07,57.07,169.05,37.29,5.81,169,Moderate
2021-03-08,52.17,137.67,36.91,3.4,137,Moderate
2021-03-09,40.81,157.8,22.84,3.18,157,Moderate
2021-03-10,53.96,130.71,38.59,2.21,134,Moderate
2021-03-11,41.94,170.63,21.04,4.93,170,Moderate
2021-03-12,43.87,146.61,32.19,3.35,146,Moderate
2021-03-13,56.73,125.76,38.39,5.26,141,Moderate
2021-03-14,91.66,219.49,24.15,3.9,229,Poor
2021-03-15,54.71,128.21,25.08,4.09,136,Moderate
2021-03-16,53.95,130.22,44.35,2.79,134,Moderate
2021-03-17,44.45,148.14,38.64,3.62,148,Moderate
2021-03-18,65.31,191.23,36.73,5.74,191,Moderate
2021-03-19,62.96,175.11,39.14,2.05,175,Moderate
2021-03-20,50.68,155.54,34.27,5.6,155,Moderate
2021-03-21,40.87,164.64,20.99,5.79,164,Moderate
2021-03-22,56.51,129.36,41.56,5.5,141,Moderate
2021-03-23,41.45,140.26,39.71,4.95,140,Moderate
2021-03-24,61.96,129.06,38.56,3.0,154,Moderate
2021-03-25,57.84,128.61,44.16,2.9,144,Moderate
2021-03-26,60.56,152.32,20.63,3.06,152,Moderate
2021-03-27,63.28,130.8,40.26,4.13,158,Moderate
2021-03-28,56.57,151.95,35.09,2.64,151,Moderate
2021-03-29,66.79,123.78,26.26,2.24,166,Moderate
2021-03-30,83.24,195.19,22.15,4.5,208,Poor
2021-03-31,42.4,199.13,39.82,2.63,199,Moderate
2021-04-01,79.13,170.2,29.26,3.21,197,Moderate
2021-04-02,67.22,195.69,24.49,3.79,195,Moderate
2021-04-03,65.85,170.74,23.88,3.79,170,Moderate
2021-04-04,63.8,130.52,32.35,3.71,159,Moderate
2021-04-05,45.27,138.01,29.55,3.86,138,Moderate
2021-04-06,45.09,165.73,35.21,2.77,165,Moderate
2021-04-07,89.91,240.16,35.44,4.34,240,Poor
2021-04-08,56.14,198.91,34.4,5.59,198,Moderate
2021-04-09,90.55,189.74,38.27,5.11,226,Poor
2021-04-10,61.91,160.4,21.49,3.55,160,Moderate
2021-04-11,49.42,147.75,32.97,3.94,147,Moderate
2021-04-12,43.29,152.28,40.14,3.95,152,Moderate
2021-04-13,57.49,130.39,37.81,3.81,143,Moderate
2021-04-14,60.8,181.17,26.07,4.05,181,Moderate
2021-04-15,47.25,199.64,25.54,5.14,199,Moderate
2021-04-16,98.35,208.16,29.62,2.02,245,Poor
2021-04-17,45.63,121.19,41.97,5.28,121,Moderate
2021-04-18,68.07,122.04,22.13,3.3,170,Moderate
2021-04-19,60.82,179.62,20.22,4.67,179,Moderate
2021-04-20,65.08,265.33,24.37,2.19,265,Poor
2021-04-21,40.75,138.49,37.7,2.06,138,Moderate
2021-04-22,55.83,126.41,27.86,2.75,139,Moderate
2021-04-23,50.29,166.08,41.32,3.43,166,Moderate
2021-04-24,53.07,158.88,25.1,2.09,158,Moderate
2021-04-25,62.2,178.26,27.57,4.33,178,Moderate
2021-04-26,64.46,182.03,31.31,4.5,182,Moderate
2021-04-27,65.0,121.26,29.75,4.11,162,Moderate
2021-04-28,59.38,161.47,43.55,3.33,161,Moderate
2021-04-29,60.78,158.79,30.24,2.22,158,Moderate
2021-04-30,44.93,196.36,35.83,5.72,196,Moderate
2021-05-01,57.03,144.24,35.03,3.95,144,Moderate
2021-05-02,59.18,193.21,22.19,3.09,193,Moderate
2021-05-03,48.37,169.07,22.09,3.18,169,Moderate
2021-05-04,66.27,251.97,32.09,2.5,251,Poor
2021-05-05,56.01,191.07,43.78,5.32,191,Moderate
2021-05-06,65.55,120.02,31.25,2.51,163,Moderate
2021-05-07,51.14,146.06,42.6,2.82,146,Moderate
2021-05-08,54.47,197.22,27.31,2.84,197,Moderate
2021-05-09,53.25,140.48,39.82,3.98,140,Moderate
2021-05-10,41.54,141.01,25.7,2.05,141,Moderate
2021-05-11,47.84,160.13,41.65,5.25,160,Moderate
2021-05-12,102.94,279.61,37.04,5.86,279,Poor
2021-05-13,58.36,181.29,35.64,4.17,181,Moderate
2021-05-14,68.6,135.57,22.15,4.85,171,Moderate
2021-05-15,45.83,190.21,38.93,3.47,190,Moderate
2021-05-16,62.97,165.15,40.18,3.48,165,Moderate
2021-05-17,42.23,191.3,29.31,3.73,191,Moderate
2021-05-18,67.25,178.18,42.11,3.44,178,Moderate
2021-05-19,81.3,209.24,44.07,4.45,209,Poor
2021-05-20,92.62,258.26,29.11,2.43,258,Poor
2021-05-21,69.8,185.79,21.4,2.99,185,Moderate
2021-05-22,64.19,149.58,26.82,2.05,160,Moderate
2021-05-23,44.36,160.61,41.92,2.46,160,Moderate
2021-05-24,42.19,166.43,23.27,2.24,166,Moderate
2021-05-25,47.53,194.23,26.76,5.3,194,Moderate
2021-05-26,60.81,163.44,20.92,3.59,163,Moderate
2021-05-27,56.22,121.7,28.63,5.86,140,Moderate
2021-05-28,53.15,144.4,36.04,2.45,144,Moderate
2021-05-29,85.52,209.07,31.59,2.51,213,Poor
2021-05-30,56.23,141.32,22.71,5.1,141,Moderate
2021-05-31,51.63,184.08,39.29,3.99,184,Moderate
2021-06-01,34.34,77.18,23.06,1.3,85,Satisfactory
2021-06-02,20.03,78.88,11.92,1.63,78,Satisfactory
2021-06-03,19.01,49.5,28.44,3.59,49,Good
2021-06-04,26.6,66.17,11.59,2.06,66,Satisfactory
2021-06-05,17.41,62.45,24.92,1.29,62,Satisfactory
2021-06-06,31.88,48.97,14.37,2.58,79,Satisfactory
2021-06-07,33.93,72.16,27.83,2.11,84,Satisfactory
2021-06-08,16.52,50.94,14.71,1.14,50,Satisfactory
2021-06-09,20.64,67.43,20.86,1.36,67,Satisfactory
2021-06-10,18.58,54.33,20.53,3.71,54,Satisfactory
2021-06-11,23.74,46.36,27.2,2.93,59,Satisfactory
2021-06-12,29.48,65.53,27.7,2.24,73,Satisfactory
2021-06-13,18.37,43.27,12.75,3.46,45,Good
2021-06-14,31.76,57.0,13.31,3.19,79,Satisfactory
2021-06-15,27.01,69.09,25.98,3.01,69,Satisfactory
2021-06-16,22.68,72.28,10.89,2.24,72,Satisfactory
2021-06-17,32.58,77.45,28.42,2.71,81,Satisfactory
2021-06-18,20.35,51.07,13.47,2.65,51,Satisfactory
2021-06-19,16.22,46.3,12.4,2.06,46,Good
2021-06-20,27.66,40.48,22.82,1.78,69,Satisfactory
2021-06-21,18.09,49.18,14.27,1.43,49,Good
2021-06-22,15.47,78.73,26.23,2.48,78,Satisfactory
2021-06-23,20.88,63.11,28.53,2.84,63,Satisfactory
2021-06-24,15.84,48.0,22.69,1.39,47,Good
2021-06-25,24.61,100.79,19.41,3.27,100,Moderate
2021-06-26,30.63,64.83,21.48,3.99,76,Satisfactory
2021-06-27,24.32,59.11,25.11,1.61,60,Satisfactory
2021-06-28,45.75,107.75,18.37,2.33,114,Moderate
2021-06-29,24.47,73.99,14.17,3.24,73,Satisfactory
2021-06-30,34.04,46.28,29.47,2.3,85,Satisfactory
2021-07-01,31.34,71.13,21.02,3.18,78,Satisfactory
2021-07-02,34.51,40.82,18.28,1.96,86,Satisfactory
2021-07-03,18.3,59.08,12.38,1.37,59,Satisfactory
2021-07-04,33.93,57.75,12.93,1.07,84,Satisfactory
2021-07-05,16.86,59.33,27.06,3.87,59,Satisfactory
2021-07-06,16.68,58.78,23.33,2.26,58,Satisfactory
2021-07-07,33.81,51.4,22.36,2.96,84,Satisfactory
2021-07-08,28.38,44.3,27.09,3.26,70,Satisfactory
2021-07-09,31.16,73.74,11.73,3.08,77,Satisfactory
2021-07-10,23.84,53.85,13.32,3.05,59,Satisfactory
2021-07-11,19.8,76.03,12.52,2.5,76,Satisfactory
2021-07-12,26.18,61.26,23.3,3.6,65,Satisfactory
2021-07-13,29.89,77.0,15.8,3.26,77,Satisfactory
2021-07-14,23.75,46.54,24.62,3.37,59,Satisfactory
2021-07-15,36.07,75.65,18.16,2.81,90,Satisfactory
2021-07-16,28.14,66.26,14.05,3.98,70,Satisfactory
2021-07-17,19.0,59.23,27.04,2.32,59,Satisfactory
2021-07-18,20.05,70.43,19.74,1.82,70,Satisfactory
2021-07-19,32.83,58.82,29.2,1.72,82,Satisfactory
2021-07-20,19.83,40.76,29.16,1.94,49,Good
2021-07-21,31.28,53.53,24.86,1.36,78,Satisfactory
2021-07-22,34.92,58.89,14.45,1.43,87,Satisfactory
2021-07-23,41.85,84.27,27.95,2.99,104,Moderate
2021-07-24,25.56,62.42,15.65,2.99,63,Satisfactory
2021-07-25,23.06,53.6,19.53,1.02,57,Satisfactory
2021-07-26,25.85,64.94,11.56,1.66,64,Satisfactory
2021-07-27,15.39,40.97,26.79,2.7,40,Good
2021-07-28,33.68,71.46,22.82,2.15,84,Satisfactory
2021-07-29,28.36,44.78,12.66,1.28,70,Satisfactory
2021-07-30,31.63,69.09,29.08,3.19,79,Satisfactory
2021-07-31,21.6,68.67,20.37,3.5,68,Satisfactory
2021-08-01,19.4,68.81,27.02,3.7,68,Satisfactory
2021-08-02,17.59,70.68,25.46,2.12,70,Satisfactory
2021-08-03,25.79,74.53,26.03,2.24,74,Satisfactory
2021-08-04,33.18,79.56,11.96,2.8,82,Satisfactory
2021-08-05,28.33,55.13,22.1,1.98,70,Satisfactory
2021-08-06,19.41,76.39,28.48,1.5,76,Satisfactory
2021-08-07,27.04,61.26,12.05,2.91,67,Satisfactory
2021-08-08,21.35,56.87,21.42,1.81,56,Satisfactory
2021-08-09,31.07,44.37,29.8,3.57,77,Satisfactory
2021-08-10,22.32,50.96,25.86,2.62,55,Satisfactory
2021-08-11,23.26,45.27,28.37,2.06,58,Satisfactory
2021-08-12,29.31,41.7,23.28,3.05,73,Satisfactory
2021-08-13,29.13,69.84,27.97,3.04,72,Satisfactory
2021-08-14,41.85,93.8,15.04,1.43,104,Moderate
2021-08-15,20.85,76.68,23.81,2.66,76,Satisfactory
2021-08-16,30.7,59.28,15.51,3.65,76,Satisfactory
2021-08-17,30.51,77.73,23.24,3.19,77,Satisfactory
2021-08-18,23.76,63.5,20.09,1.49,63,Satisfactory
2021-08-19,22.68,41.68,28.82,1.61,56,Satisfactory
2021-08-20,26.33,47.41,16.42,3.52,65,Satisfactory
2021-08-21,19.28,49.86,28.43,2.99,49,Good
2021-08-22,27.65,56.29,29.73,3.29,69,Satisfactory
2021-08-23,20.35,55.66,24.25,1.84,55,Satisfactory
2021-08-24,26.23,74.46,24.16,3.8,74,Satisfactory
2021-08-25,33.28,58.95,19.84,3.15,83,Satisfactory
2021-08-26,22.29,59.79,12.3,3.26,59,Satisfactory
2021-08-27,18.53,73.54,19.18,1.7,73,Satisfactory
2021-08-28,24.49,49.88,22.42,2.36,61,Satisfactory
2021-08-29,28.81,78.74,22.06,1.59,78,Satisfactory
2021-08-30,15.28,40.22,11.06,4.0,40,Good
2021-08-31,18.28,61.89,23.49,1.13,61,Satisfactory
2021-09-01,27.04,66.9,19.69,1.01,67,Satisfactory
2021-09-02,30.15,75.54,16.21,1.29,75,Satisfactory
2021-09-03,29.12,70.97,29.89,1.79,72,Satisfactory
2021-09-04,16.94,68.42,28.82,3.33,68,Satisfactory
2021-09-05,17.8,59.36,20.91,1.16,59,Satisfactory
2021-09-06,33.88,45.43,23.27,2.14,84,Satisfactory
2021-09-07,31.38,61.72,22.79,2.49,78,Satisfactory
2021-09-08,48.3,59.37,10.24,3.34,120,Moderate
2021-09-09,15.25,53.91,16.13,3.26,53,Satisfactory
2021-09-10,33.2,55.91,19.56,2.07,83,Satisfactory
2021-09-11,25.23,57.56,18.29,2.21,63,Satisfactory
2021-09-12,22.22,63.16,24.18,3.31,63,Satisfactory
2021-09-13,30.46,50.05,12.09,2.5,76,Satisfactory
2021-09-14,19.46,70.98,15.18,3.0,70,Satisfactory
2021-09-15,21.17,56.97,29.78,1.33,56,Satisfactory
2021-09-16,22.92,73.22,17.04,2.67,73,Satisfactory
2021-09-17,16.12,69.35,16.09,1.48,69,Satisfactory
2021-09-18,29.18,57.02,28.14,3.01,72,Satisfactory
2021-09-19,21.3,76.93,29.31,2.05,76,Satisfactory
2021-09-20,22.97,42.13,18.59,1.07,57,Satisfactory
2021-09-21,28.92,58.6,28.5,3.98,72,Satisfactory
2021-09-22,27.18,77.09,12.26,2.28,77,Satisfactory
2021-09-23,28.41,78.97,15.81,1.17,78,Satisfactory
2021-09-24,22.93,68.51,12.71,3.04,68,Satisfactory
2021-09-25,15.25,72.25,27.37,2.27,72,Satisfactory
2021-09-26,17.76,52.34,23.17,2.12,52,Satisfactory
2021-09-27,34.66,79.34,14.6,2.56,86,Satisfactory
2021-09-28,20.35,49.15,25.39,2.84,50,Satisfactory
2021-09-29,22.22,62.36,28.73,1.8,62,Satisfactory
2021-09-30,30.41,50.16,27.83,2.78,76,Satisfactory
2021-10-01,74.49,107.98,46.34,4.65,186,Moderate
2021-10-02,53.66,130.3,38.81,3.3,134,Moderate
2021-10-03,53.23,135.46,48.84,4.18,135,Moderate
2021-10-04,62.41,135.69,45.85,4.15,156,Moderate
2021-10-05,53.95,95.17,36.62,2.75,134,Moderate
2021-10-06,84.01,154.79,41.05,4.1,210,Poor
2021-10-07,72.04,104.82,34.59,3.98,180,Moderate
2021-10-08,68.36,98.79,29.51,3.82,170,Moderate
2021-10-09,58.51,111.54,39.68,3.23,146,Moderate
2021-10-10,41.11,111.61,36.2,2.89,111,Moderate
2021-10-11,55.75,114.74,25.67,3.04,139,Moderate
2021-10-12,44.44,136.04,40.44,4.17,136,Moderate
2021-10-13,66.05,100.64,25.04,4.21,165,Moderate
2021-10-14,63.84,115.38,46.4,3.84,159,Moderate
2021-10-15,70.61,138.1,40.97,4.33,176,Moderate
2021-10-16,70.64,114.96,49.83,3.78,176,Moderate
2021-10-17,52.88,91.65,25.94,4.51,132,Moderate
2021-10-18,61.81,105.29,28.94,3.19,154,Moderate
2021-10-19,53.36,116.39,46.77,2.45,133,Moderate
2021-10-20,42.69,114.81,38.96,4.07,114,Moderate
2021-10-21,64.54,95.68,41.53,3.57,161,Moderate
2021-10-22,56.27,120.51,34.12,3.52,140,Moderate
2021-10-23,73.12,126.55,31.96,3.0,182,Moderate
2021-10-24,42.83,115.62,43.15,4.3,115,Moderate
2021-10-25,77.13,129.99,45.39,2.37,192,Moderate
2021-10-26,47.22,102.62,46.51,3.07,118,Moderate
2021-10-27,102.13,177.26,29.72,3.48,255,Poor
2021-10-28,106.36,158.12,25.96,4.68,265,Poor
2021-10-29,70.74,139.22,47.9,2.43,176,Moderate
2021-10-30,52.99,117.03,48.13,2.57,132,Moderate
2021-10-31,58.19,107.44,41.22,3.77,145,Moderate
2021-11-01,79.83,119.92,44.88,4.0,199,Moderate
2021-11-02,77.8,179.11,44.64,4.84,194,Moderate
2021-11-03,85.29,160.13,42.4,5.91,213,Poor
2021-11-04,236.94,456.97,48.95,5.31,500,Severe
2021-11-05,226.23,242.6,33.41,6.06,500,Severe
2021-11-06,80.89,117.45,38.92,4.02,202,Poor
2021-11-07,87.45,156.33,59.99,3.72,218,Poor
2021-11-08,92.33,173.58,56.13,5.21,230,Poor
2021-11-09,87.41,166.4,58.93,3.53,218,Poor
2021-11-10,115.17,161.55,47.12,6.01,287,Poor
2021-11-11,59.64,162.44,58.87,6.34,162,Moderate
2021-11-12,92.57,119.01,47.52,6.5,231,Poor
2021-11-13,123.37,187.81,49.21,2.95,308,Very Poor
2021-11-14,66.19,155.39,37.7,4.67,165,Moderate
2021-11-15,79.85,172.68,43.66,2.19,199,Moderate
2021-11-16,61.2,121.18,35.53,3.87,153,Moderate
2021-11-17,60.96,143.35,36.37,5.17,152,Moderate
2021-11-18,73.12,128.96,57.65,2.98,182,Moderate
2021-11-19,76.64,155.78,44.9,4.43,191,Moderate
2021-11-20,86.93,175.15,30.58,4.45,217,Poor
2021-11-21,89.54,210.83,53.58,5.08,223,Poor
2021-11-22,62.63,117.04,50.65,2.78,156,Moderate
2021-11-23,83.97,135.62,48.14,5.16,209,Poor
2021-11-24,131.78,199.48,48.28,4.27,329,Very Poor
2021-11-25,71.0,122.54,44.02,2.41,177,Moderate
2021-11-26,63.64,129.94,56.32,2.75,159,Moderate
2021-11-27,111.01,209.58,47.26,5.07,277,Poor
2021-11-28,73.99,112.89,54.3,6.6,184,Moderate
2021-11-29,79.44,175.71,39.07,5.76,198,Moderate
2021-11-30,76.16,123.48,51.12,5.2,190,Moderate
2021-12-01,86.57,153.24,59.11,6.06,216,Poor
2021-12-02,67.33,164.65,35.87,6.56,168,Moderate
2021-12-03,83.41,137.63,55.85,4.75,208,Poor
2021-12-04,71.04,118.13,43.22,3.27,177,Moderate
2021-12-05,63.38,121.23,42.83,8.0,158,Moderate
2021-12-06,78.74,168.58,49.52,3.71,196,Moderate
2021-12-07,62.08,129.13,44.27,4.65,155,Moderate
2021-12-08,55.48,129.86,36.46,4.65,138,Moderate
2021-12-09,55.87,112.52,30.47,5.34,139,Moderate
2021-12-10,57.35,159.17,54.64,4.42,159,Moderate
2021-12-11,75.38,152.56,54.48,5.83,188,Moderate
2021-12-12,113.78,161.77,35.71,3.47,284,Poor
2021-12-13,72.35,116.18,49.5,5.81,180,Moderate
2021-12-14,80.84,146.54,36.2,3.52,202,Poor
2021-12-15,60.62,122.78,30.28,7.96,151,Moderate
2021-12-16,84.76,119.98,55.03,4.78,211,Poor
2021-12-17,69.53,143.69,48.27,2.26,173,Moderate
2021-12-18,60.16,138.17,35.87,3.9,150,Moderate
2021-12-19,69.2,148.15,48.92,5.52,172,Moderate
2021-12-20,80.74,173.97,59.24,4.65,201,Poor
2021-12-21,86.46,117.01,59.65,4.26,216,Poor
2021-12-22,57.81,158.24,34.28,2.92,158,Moderate
2021-12-23,93.59,145.98,40.83,5.49,233,Poor
2021-12-24,90.27,172.43,54.05,5.5,225,Poor
2021-12-25,68.01,164.32,42.01,4.44,170,Moderate
2021-12-26,90.79,122.28,43.33,3.27,226,Poor
2021-12-27,76.3,163.2,48.41,4.28,190,Moderate
2021-12-28,88.54,218.1,46.39,2.07,221,Poor
2021-12-29,61.04,127.54,33.72,6.29,152,Moderate
2021-12-30,84.39,140.55,37.49,3.09,210,Poor
2021-12-31,68.75,120.84,42.73,6.13,171,Moderate
2022-01-01,90.96,157.72,37.65,4.52,227,Poor
2022-01-02,81.53,137.12,33.54,4.03,203,Poor
2022-01-03,84.73,172.71,41.27,5.95,211,Poor
2022-01-04,136.86,247.38,37.56,5.17,342,Very Poor
2022-01-05,83.14,113.06,58.4,2.71,207,Poor
2022-01-06,100.17,161.68,39.96,5.9,250,Poor
2022-01-07,91.42,141.13,52.28,3.74,228,Poor
2022-01-08,63.17,129.13,45.62,2.91,157,Moderate
2022-01-09,60.99,115.36,43.89,7.56,152,Moderate
2022-01-10,80.9,129.04,46.67,7.16,202,Poor
2022-01-11,67.74,134.6,57.99,7.56,169,Moderate
2022-01-12,64.97,121.23,33.5,6.59,162,Moderate
2022-01-13,64.78,111.69,41.38,5.13,161,Moderate
2022-01-14,94.61,177.19,39.59,6.12,236,Poor
2022-01-15,76.85,150.62,51.68,5.15,192,Moderate
2022-01-16,69.13,112.1,54.17,5.84,172,Moderate
2022-01-17,71.4,112.12,36.34,7.26,178,Moderate
2022-01-18,69.23,127.22,32.43,2.87,173,Moderate
2022-01-19,79.97,170.38,51.99,3.75,199,Moderate
2022-01-20,87.48,159.19,32.05,2.79,218,Poor
2022-01-21,66.44,140.74,39.26,7.36,166,Moderate
2022-01-22,76.67,133.03,34.68,4.76,191,Moderate
2022-01-23,83.82,146.52,45.33,7.72,209,Poor
2022-01-24,80.64,113.17,48.55,4.04,201,Poor
2022-01-25,85.39,167.23,48.23,3.44,213,Poor
2022-01-26,57.56,178.86,33.43,6.69,178,Moderate
2022-01-27,63.61,115.11,50.07,7.38,159,Moderate
2022-01-28,56.56,127.82,44.54,3.36,141,Moderate
2022-01-29,56.03,164.19,39.44,6.19,164,Moderate
2022-01-30,82.78,135.25,45.81,5.05,206,Poor
2022-01-31,90.95,110.8,41.24,2.92,227,Poor
2022-02-01,55.09,177.18,56.53,3.3,177,Moderate
2022-02-02,62.57,117.62,53.88,2.33,156,Moderate
2022-02-03,55.77,137.98,45.49,4.9,139,Moderate
2022-02-04,57.67,176.43,53.47,7.65,176,Moderate
2022-02-05,89.76,164.54,39.09,6.48,224,Poor
2022-02-06,88.4,157.34,57.25,5.4,220,Poor
2022-02-07,63.2,179.82,39.57,4.56,179,Moderate
2022-02-08,94.62,157.27,30.4,2.78,236,Poor
2022-02-09,55.5,148.36,57.36,6.68,148,Moderate
2022-02-10,87.97,126.82,37.71,2.36,219,Poor
2022-02-11,64.5,167.13,42.01,2.96,167,Moderate
2022-02-12,63.48,112.48,40.85,7.01,158,Moderate
2022-02-13,86.91,124.5,30.2,7.5,217,Poor
2022-02-14,76.18,168.37,51.94,7.37,190,Moderate
2022-02-15,73.21,178.47,58.7,4.27,183,Moderate
2022-02-16,69.26,152.02,37.38,4.43,173,Moderate
2022-02-17,62.28,153.02,48.29,5.18,155,Moderate
2022-02-18,92.81,163.02,52.41,6.37,232,Poor
2022-02-19,81.05,175.66,32.6,5.61,202,Poor
2022-02-20,74.3,168.83,59.78,2.5,185,Moderate
2022-02-21,72.28,163.46,42.2,6.41,180,Moderate
2022-02-22,75.8,178.59,58.08,2.3,189,Moderate
2022-02-23,59.52,168.93,46.59,6.49,168,Moderate
2022-02-24,61.18,133.25,34.53,5.33,152,Moderate
2022-02-25,82.08,165.29,42.58,7.72,205,Poor
2022-02-26,93.93,164.77,35.65,3.6,234,Poor
2022-02-27,71.58,179.39,52.41,7.28,179,Moderate
2022-02-28,94.7,171.34,49.66,3.79,236,Poor
2022-03-01,42.24,156.97,27.81,4.61,156,Moderate
2022-03-02,48.26,187.99,28.62,5.27,187,Moderate
2022-03-03,42.97,160.12,20.19,5.88,160,Moderate
2022-03-04,50.42,143.84,36.42,3.07,143,Moderate
2022-03-05,63.43,171.17,26.59,5.78,171,Moderate
2022-03-06,59.74,134.18,40.47,2.79,149,Moderate
2022-03-07,66.48,131.49,28.3,5.82,166,Moderate
2022-03-08,52.08,126.0,38.14,5.11,130,Moderate
2022-03-09,67.17,168.21,42.25,4.32,168,Moderate
2022-03-10,46.48,159.7,44.57,3.72,159,Moderate
2022-03-11,63.16,196.83,35.28,2.8,196,Moderate
2022-03-12,51.98,134.05,28.08,4.11,134,Moderate
2022-03-13,42.96,165.28,36.06,2.87,165,Moderate
2022-03-14,75.14,257.37,37.05,5.81,257,Poor
2022-03-15,49.12,138.48,35.0,4.98,138,Moderate
2022-03-16,51.0,172.62,42.37,4.69,172,Moderate
2022-03-17,42.39,147.08,42.84,3.37,147,Moderate
2022-03-18,59.75,135.53,40.33,2.21,149,Moderate
2022-03-19,64.43,159.03,25.92,4.73,161,Moderate
2022-03-20,42.52,121.68,20.98,2.44,121,Moderate
2022-03-21,53.55,198.17,40.0,2.74,198,Moderate
2022-03-22,68.48,176.78,28.83,4.36,176,Moderate
2022-03-23,48.15,165.88,44.46,4.57,165,Moderate
2022-03-24,58.23,137.78,42.2,3.42,145,Moderate
2022-03-25,57.77,123.14,39.9,3.51,144,Moderate
2022-03-26,69.52,157.1,22.53,4.54,173,Moderate
2022-03-27,58.81,193.94,20.23,2.36,193,Moderate
2022-03-28,59.95,158.08,44.42,4.94,158,Moderate
2022-03-29,66.84,189.44,43.33,2.33,189,Moderate
2022-03-30,58.91,153.85,38.07,5.63,153,Moderate
2022-03-31,49.11,167.16,25.08,5.78,167,Moderate
2022-04-01,102.39,232.66,21.41,4.17,255,Poor
2022-04-02,56.47,164.86,33.47,2.66,164,Moderate
2022-04-03,65.82,151.2,43.57,3.71,164,Moderate
2022-04-04,42.5,170.14,29.49,3.29,170,Moderate
2022-04-05,60.54,168.6,30.16,5.44,168,Moderate
2022-04-06,58.71,179.76,35.01,3.57,179,Moderate
2022-04-07,54.75,151.47,38.53,4.2,151,Moderate
2022-04-08,46.2,147.62,35.63,4.69,147,Moderate
2022-04-09,47.13,121.39,40.0,3.57,121,Moderate
2022-04-10,55.89,179.47,38.87,3.43,179,Moderate
2022-04-11,52.09,176.13,38.56,4.96,176,Moderate
2022-04-12,57.99,152.34,22.01,5.39,152,Moderate
2022-04-13,61.88,125.36,31.12,5.84,154,Moderate
2022-04-14,53.44,122.68,40.14,5.97,133,Moderate
2022-04-15,82.03,228.8,34.04,2.95,228,Poor
2022-04-16,47.85,126.24,27.29,5.3,126,Moderate
2022-04-17,52.69,155.79,42.39,5.6,155,Moderate
2022-04-18,53.67,177.72,33.38,2.54,177,Moderate
2022-04-19,49.38,151.08,35.36,5.49,151,Moderate
2022-04-20,44.48,164.62,41.77,5.78,164,Moderate
2022-04-21,80.13,238.9,42.65,4.73,238,Poor
2022-04-22,43.57,150.78,20.87,3.88,150,Moderate
2022-04-23,63.8,183.34,30.69,2.53,183,Moderate
2022-04-24,47.61,183.51,35.74,4.58,183,Moderate
2022-04-25,66.21,120.34,30.14,5.42,165,Moderate
2022-04-26,88.36,183.87,39.88,4.71,220,Poor
2022-04-27,62.3,161.32,31.17,2.44,161,Moderate
2022-04-28,62.41,199.19,31.88,4.78,199,Moderate
2022-04-29,64.95,191.33,27.07,3.27,191,Moderate
2022-04-30,47.07,141.34,32.34,2.57,141,Moderate
2022-05-01,57.79,132.76,25.77,2.08,144,Moderate
2022-05-02,41.12,159.4,30.5,3.88,159,Moderate
2022-05-03,62.5,154.81,21.66,4.44,156,Moderate
2022-05-04,45.17,195.79,24.14,4.66,195,Moderate
2022-05-05,54.63,127.26,44.95,2.93,136,Moderate
2022-05-06,54.12,172.66,36.48,3.17,172,Moderate
2022-05-07,62.24,216.27,38.7,2.28,216,Poor
2022-05-08,41.03,173.44,27.13,3.82,173,Moderate
2022-05-09,69.03,191.74,21.9,4.53,191,Moderate
2022-05-10,60.72,156.5,44.66,4.36,156,Moderate
2022-05-11,87.08,176.99,36.35,3.96,217,Poor
2022-05-12,46.68,179.79,43.51,2.97,179,Moderate
2022-05-13,63.87,136.7,31.63,4.81,159,Moderate
2022-05-14,48.02,152.13,43.63,3.25,152,Moderate
2022-05-15,69.39,134.41,39.65,4.14,173,Moderate
2022-05-16,64.2,170.45,23.29,4.94,170,Moderate
2022-05-17,59.55,190.05,38.0,2.22,190,Moderate
2022-05-18,68.57,268.71,29.22,4.27,268,Poor
2022-05-19,48.56,167.78,31.5,3.25,167,Moderate
2022-05-20,60.74,141.15,32.78,5.07,151,Moderate
2022-05-21,47.78,180.31,30.36,5.27,180,Moderate
2022-05-22,90.96,212.43,24.85,5.65,227,Poor
2022-05-23,96.4,205.84,22.37,2.32,240,Poor
2022-05-24,44.44,131.32,32.16,2.85,131,Moderate
2022-05-25,54.97,197.64,23.57,3.7,197,Moderate
2022-05-26,69.5,163.16,23.44,5.31,173,Moderate
2022-05-27,50.54,122.1,42.01,2.6,126,Moderate
2022-05-28,54.57,162.79,44.57,4.65,162,Moderate
2022-05-29,47.25,138.32,21.45,5.85,138,Moderate
2022-05-30,48.12,182.41,35.43,3.04,182,Moderate
2022-05-31,68.04,139.06,32.48,3.63,170,Moderate
2022-06-01,29.51,67.72,19.6,1.26,73,Satisfactory
2022-06-02,37.46,105.52,20.21,3.79,105,Moderate
2022-06-03,16.78,60.2,26.88,1.89,60,Satisfactory
2022-06-04,29.35,44.82,19.12,3.87,73,Satisfactory
2022-06-05,24.84,56.14,14.18,2.42,62,Satisfactory
2022-06-06,26.68,68.05,23.09,2.56,68,Satisfactory
2022-06-07,26.66,58.3,27.87,2.86,66,Satisfactory
2022-06-08,18.54,59.03,29.12,3.12,59,Satisfactory
2022-06-09,23.63,51.8,17.99,3.54,59,Satisfactory
2022-06-10,31.29,46.93,26.17,2.11,78,Satisfactory
2022-06-11,24.24,58.12,15.68,3.3,60,Satisfactory
2022-06-12,21.67,75.05,10.38,3.52,75,Satisfactory
2022-06-13,29.72,64.74,27.63,3.79,74,Satisfactory
2022-06-14,34.75,61.36,15.62,3.56,86,Satisfactory
2022-06-15,31.43,71.81,20.4,2.31,78,Satisfactory
2022-06-16,16.61,58.02,20.24,1.7,58,Satisfactory
2022-06-17,24.21,74.46,18.37,3.48,74,Satisfactory
2022-06-18,34.42,55.1,25.67,2.61,86,Satisfactory
2022-06-19,18.25,70.76,20.95,2.12,70,Satisfactory
2022-06-20,16.45,74.48,24.97,3.05,74,Satisfactory
2022-06-21,22.8,75.83,13.42,2.71,75,Satisfactory
2022-06-22,31.01,67.53,14.5,3.93,77,Satisfactory
2022-06-23,33.18,73.41,12.71,2.79,82,Satisfactory
2022-06-24,27.07,78.29,14.86,3.11,78,Satisfactory
2022-06-25,19.38,74.43,11.13,3.61,74,Satisfactory
2022-06-26,29.05,59.49,15.13,3.64,72,Satisfactory
2022-06-27,23.01,40.36,11.59,3.7,57,Satisfactory
2022-06-28,26.48,79.17,23.05,3.4,79,Satisfactory
2022-06-29,28.86,45.81,28.01,3.1,72,Satisfactory
2022-06-30,21.5,65.44,18.37,2.1,65,Satisfactory
2022-07-01,18.95,42.17,22.7,1.82,47,Good
2022-07-02,27.29,59.18,26.97,1.85,68,Satisfactory
2022-07-03,24.64,59.82,18.69,2.02,61,Satisfactory
2022-07-04,26.2,40.36,15.83,1.73,65,Satisfactory
2022-07-05,49.31,94.98,27.08,1.19,123,Moderate
2022-07-06,17.26,63.97,16.24,3.02,63,Satisfactory
2022-07-07,32.98,56.33,18.99,1.82,82,Satisfactory
2022-07-08,27.14,50.73,19.34,1.27,67,Satisfactory
2022-07-09,22.94,55.6,15.1,3.35,57,Satisfactory
2022-07-10,29.31,57.13,15.06,3.99,73,Satisfactory
2022-07-11,24.78,49.2,11.84,2.04,61,Satisfactory
2022-07-12,27.59,56.62,12.96,2.27,68,Satisfactory
2022-07-13,24.73,74.52,23.89,2.48,74,Satisfactory
2022-07-14,32.83,57.83,20.89,2.25,82,Satisfactory
2022-07-15,34.35,45.25,23.33,2.37,85,Satisfactory
2022-07-16,35.8,90.55,20.61,3.42,90,Satisfactory
2022-07-17,16.64,43.1,25.16,3.26,43,Good
2022-07-18,24.66,77.08,10.17,1.7,77,Satisfactory
2022-07-19,23.18,49.3,17.53,3.65,57,Satisfactory
2022-07-20,34.06,55.91,12.88,1.32,85,Satisfactory
2022-07-21,17.43,44.39,12.24,1.94,44,Good
2022-07-22,16.93,42.68,24.25,1.87,42,Good
2022-07-23,24.56,44.24,24.68,3.5,61,Satisfactory
2022-07-24,24.17,56.03,11.03,3.6,60,Satisfactory
2022-07-25,15.28,54.28,19.66,3.44,54,Satisfactory
2022-07-26,33.64,62.52,24.82,3.55,84,Satisfactory
2022-07-27,29.03,56.07,27.87,3.29,72,Satisfactory
2022-07-28,18.17,75.44,11.02,1.63,75,Satisfactory
2022-07-29,19.41,64.58,14.27,3.23,64,Satisfactory
2022-07-30,32.24,60.1,22.69,3.69,80,Satisfactory
2022-07-31,19.69,59.35,10.54,2.01,59,Satisfactory
2022-08-01,33.17,64.04,16.92,2.89,82,Satisfactory
2022-08-02,32.81,66.18,26.48,2.96,82,Satisfactory
2022-08-03,17.48,74.34,15.06,1.86,74,Satisfactory
2022-08-04,50.41,57.44,29.87,3.95,126,Moderate
2022-08-05,16.94,44.22,12.12,1.07,44,Good
2022-08-06,33.01,72.12,14.48,1.42,82,Satisfactory
2022-08-07,41.55,100.92,15.45,2.25,103,Moderate
2022-08-08,46.5,107.79,14.02,2.97,116,Moderate
2022-08-09,30.89,52.9,28.75,2.9,77,Satisfactory
2022-08-10,50.34,93.77,29.9,1.15,125,Moderate
2022-08-11,31.84,87.2,12.39,2.31,87,Satisfactory
2022-08-12,15.43,46.62,16.58,2.75,46,Good
2022-08-13,32.77,75.47,24.52,3.3,81,Satisfactory
2022-08-14,29.98,65.77,17.29,3.34,74,Satisfactory
2022-08-15,29.21,62.76,22.98,3.79,73,Satisfactory
2022-08-16,34.27,45.54,12.37,2.33,85,Satisfactory
2022-08-17,29.0,45.18,10.02,3.82,72,Satisfactory
2022-08-18,29.81,44.19,17.54,3.95,74,Satisfactory
2022-08-19,27.22,74.67,19.31,2.16,74,Satisfactory
2022-08-20,46.22,101.43,23.86,1.55,115,Moderate
2022-08-21,17.18,69.07,10.5,3.96,69,Satisfactory
2022-08-22,23.85,77.82,24.7,1.15,77,Satisfactory
2022-08-23,22.93,56.45,26.86,3.07,57,Satisfactory
2022-08-24,26.15,55.25,27.92,2.48,65,Satisfactory
2022-08-25,30.83,71.5,22.29,2.18,77,Satisfactory
2022-08-26,27.02,41.49,19.93,3.11,67,Satisfactory
2022-08-27,30.11,60.91,29.65,1.36,75,Satisfactory
2022-08-28,22.97,62.48,17.59,1.86,62,Satisfactory
2022-08-29,31.85,65.99,12.74,2.83,79,Satisfactory
2022-08-30,48.83,92.68,17.64,1.21,122,Moderate
2022-08-31,21.62,40.29,24.36,2.15,54,Satisfactory
2022-09-01,16.05,44.37,12.25,2.77,44,Good
2022-09-02,28.91,52.79,20.73,1.69,72,Satisfactory
2022-09-03,31.3,76.91,18.44,2.45,78,Satisfactory
2022-09-04,29.06,52.02,12.33,2.01,72,Satisfactory
2022-09-05,25.82,45.83,22.39,1.7,64,Satisfactory
2022-09-06,16.97,50.24,16.74,1.95,50,Satisfactory
2022-09-07,30.64,63.64,14.9,1.53,76,Satisfactory
2022-09-08,15.58,58.39,17.71,3.81,58,Satisfactory
2022-09-09,24.09,68.82,13.1,1.87,68,Satisfactory
2022-09-10,30.11,73.96,21.08,2.97,75,Satisfactory
2022-09-11,25.39,42.3,14.29,3.84,63,Satisfactory
2022-09-12,31.6,43.87,27.02,2.15,79,Satisfactory
2022-09-13,21.36,42.21,11.16,3.65,53,Satisfactory
2022-09-14,25.67,68.2,29.58,1.34,68,Satisfactory
2022-09-15,28.55,77.5,15.97,1.02,77,Satisfactory
2022-09-16,32.55,41.94,28.43,3.61,81,Satisfactory
2022-09-17,19.67,69.52,12.42,3.17,69,Satisfactory
2022-09-18,15.68,62.65,19.12,3.42,62,Satisfactory
2022-09-19,21.14,50.4,21.2,2.93,52,Satisfactory
2022-09-20,25.26,41.63,21.89,1.08,63,Satisfactory
2022-09-21,26.19,59.37,28.35,2.67,65,Satisfactory
2022-09-22,16.05,61.05,17.82,2.95,61,Satisfactory
2022-09-23,26.1,71.17,27.26,1.39,71,Satisfactory
2022-09-24,34.47,47.45,23.85,2.96,86,Satisfactory
2022-09-25,32.55,44.08,20.26,3.21,81,Satisfactory
2022-09-26,16.63,41.2,15.85,2.39,41,Good
2022-09-27,33.66,67.88,22.96,2.43,84,Satisfactory
2022-09-28,27.43,68.33,11.36,1.76,68,Satisfactory
2022-09-29,25.87,44.08,29.89,1.12,64,Satisfactory
2022-09-30,15.88,68.93,23.81,2.55,68,Satisfactory
2022-10-01,83.38,182.58,34.97,4.27,208,Poor
2022-10-02,72.2,117.98,26.69,3.4,180,Moderate
2022-10-03,67.11,100.86,31.6,2.42,167,Moderate
2022-10-04,92.51,140.16,36.67,3.73,231,Poor
2022-10-05,66.63,130.15,47.39,3.94,166,Moderate
2022-10-06,41.17,128.69,49.73,5.0,128,Moderate
2022-10-07,40.27,122.33,45.37,2.68,122,Moderate
2022-10-08,73.83,125.29,32.94,4.4,184,Moderate
2022-10-09,46.32,128.5,41.8,4.13,128,Moderate
2022-10-10,62.85,136.73,37.23,2.14,157,Moderate
2022-10-11,58.42,104.25,34.31,4.79,146,Moderate
2022-10-12,52.29,116.65,33.05,2.76,130,Moderate
2022-10-13,70.84,94.78,29.66,4.42,177,Moderate
2022-10-14,78.42,156.41,33.2,4.47,196,Moderate
2022-10-15,77.29,140.33,45.83,2.15,193,Moderate
2022-10-16,69.6,120.62,39.46,2.15,173,Moderate
2022-10-17,72.76,138.58,47.86,3.07,181,Moderate
2022-10-18,55.36,110.65,47.74,2.75,138,Moderate
2022-10-19,53.74,132.92,29.9,4.95,134,Moderate
2022-10-20,54.59,100.59,36.75,3.15,136,Moderate
2022-10-21,57.69,130.87,48.76,4.21,144,Moderate
2022-10-22,70.74,137.64,47.96,4.7,176,Moderate
2022-10-23,48.02,127.82,32.6,4.25,127,Moderate
2022-10-24,203.15,339.7,46.58,7.99,500,Severe
2022-10-25,171.92,240.66,46.59,3.93,429,Severe
2022-10-26,51.67,130.06,35.95,3.15,130,Moderate
2022-10-27,58.33,113.83,33.73,4.44,145,Moderate
2022-10-28,73.15,93.37,41.25,4.3,182,Moderate
2022-10-29,57.5,134.09,33.49,4.19,143,Moderate
2022-10-30,45.96,127.27,45.8,2.79,127,Moderate
2022-10-31,48.23,136.21,45.24,2.85,136,Moderate
2022-11-01,69.66,127.97,48.31,6.78,174,Moderate
2022-11-02,60.18,110.08,55.38,3.33,150,Moderate
2022-11-03,89.28,173.92,40.42,5.17,223,Poor
2022-11-04,78.8,135.71,46.35,2.52,196,Moderate
2022-11-05,92.34,169.55,56.6,4.78,230,Poor
2022-11-06,86.18,110.52,37.38,6.24,215,Poor
2022-11-07,79.37,174.78,43.41,7.42,198,Moderate
2022-11-08,60.48,143.51,48.22,3.18,151,Moderate
2022-11-09,61.3,151.93,47.54,3.94,153,Moderate
2022-11-10,79.31,124.88,40.3,6.39,198,Moderate
2022-11-11,86.7,151.18,39.07,4.12,216,Poor
2022-11-12,90.03,177.57,42.79,4.91,225,Poor
2022-11-13,61.3,126.34,54.91,7.94,153,Moderate
2022-11-14,93.68,157.91,59.84,6.18,234,Poor
2022-11-15,74.63,159.58,41.15,6.35,186,Moderate
2022-11-16,141.37,238.29,49.55,5.64,353,Very Poor
2022-11-17,102.38,185.22,48.21,5.42,255,Poor
2022-11-18,57.57,114.17,49.26,4.92,143,Moderate
2022-11-19,93.07,247.32,50.61,3.7,247,Poor
2022-11-20,64.32,120.77,56.82,4.38,160,Moderate
2022-11-21,127.89,194.09,44.01,7.93,319,Very Poor
2022-11-22,59.2,141.83,58.35,6.92,147,Moderate
2022-11-23,84.72,177.14,35.16,4.53,211,Poor
2022-11-24,58.35,173.7,41.72,3.1,173,Moderate
2022-11-25,74.91,136.37,56.24,7.43,187,Moderate
2022-11-26,92.05,113.03,47.22,2.15,230,Poor
2022-11-27,90.05,111.54,51.42,2.47,225,Poor
2022-11-28,58.59,152.92,56.61,2.48,152,Moderate
2022-11-29,64.95,135.92,35.37,7.73,162,Moderate
2022-11-30,71.32,138.52,55.28,7.97,178,Moderate
2022-12-01,93.2,162.74,31.86,2.2,233,Poor
2022-12-02,63.52,124.82,45.29,7.34,158,Moderate
2022-12-03,59.24,122.09,57.32,7.6,148,Moderate
2022-12-04,86.97,139.95,53.7,2.68,217,Poor
2022-12-05,85.24,178.41,33.62,5.12,213,Poor
2022-12-06,95.25,237.96,34.05,5.67,238,Poor
2022-12-07,86.52,137.82,56.66,3.74,216,Poor
2022-12-08,57.92,129.15,30.19,2.7,144,Moderate
2022-12-09,110.2,210.96,33.21,5.37,275,Poor
2022-12-10,58.25,130.67,55.38,4.79,145,Moderate
2022-12-11,64.3,154.97,54.28,2.55,160,Moderate
2022-12-12,68.8,171.65,55.68,2.17,172,Moderate
2022-12-13,59.09,114.0,55.38,4.46,147,Moderate
2022-12-14,55.21,124.3,51.29,4.59,138,Moderate
2022-12-15,61.84,161.72,40.1,5.62,161,Moderate
2022-12-16,62.03,178.95,36.62,6.56,178,Moderate
2022-12-17,91.13,176.76,38.33,2.25,227,Poor
2022-12-18,68.12,152.43,43.61,7.39,170,Moderate
2022-12-19,66.71,159.68,36.64,4.6,166,Moderate
2022-12-20,75.02,119.12,54.82,6.52,187,Moderate
2022-12-21,72.45,178.85,53.5,6.28,181,Moderate
2022-12-22,77.28,174.8,54.76,3.97,193,Moderate
2022-12-23,83.88,158.73,48.41,2.02,209,Poor
2022-12-24,141.15,217.69,46.74,7.67,352,Very Poor
2022-12-25,111.73,171.58,56.86,7.26,279,Poor
2022-12-26,68.0,113.31,38.27,5.36,169,Moderate
2022-12-27,55.04,173.33,45.6,3.38,173,Moderate
2022-12-28,88.95,128.69,46.2,6.65,222,Poor
2022-12-29,78.21,161.66,33.92,6.76,195,Moderate
2022-12-30,60.09,114.51,37.97,7.99,150,Moderate
2022-12-31,70.86,114.7,35.31,2.84,177,Moderate
2023-01-01,74.46,142.98,30.57,7.94,186,Moderate
2023-01-02,59.18,179.56,46.54,5.79,179,Moderate
2023-01-03,93.04,161.21,40.72,3.49,232,Poor
2023-01-04,87.82,137.71,58.92,5.55,219,Poor
2023-01-05,91.43,157.94,31.12,5.36,228,Poor
2023-01-06,94.56,156.49,55.11,3.34,236,Poor
2023-01-07,64.69,134.43,37.22,3.63,161,Moderate
2023-01-08,60.9,112.81,31.77,3.55,152,Moderate
2023-01-09,81.71,131.47,53.4,6.49,204,Poor
2023-01-10,56.24,113.57,39.21,5.63,140,Moderate
2023-01-11,92.36,178.66,30.56,7.11,230,Poor
2023-01-12,80.15,113.07,49.43,6.31,200,Poor
2023-01-13,63.58,149.8,47.79,5.23,158,Moderate
2023-01-14,71.36,170.0,48.62,2.34,178,Moderate
2023-01-15,80.58,158.22,31.54,2.63,201,Poor
2023-01-16,56.27,115.29,35.25,5.02,140,Moderate
2023-01-17,84.99,126.23,32.05,2.69,212,Poor
2023-01-18,104.97,187.39,45.64,3.6,262,Poor
2023-01-19,79.58,146.72,32.73,2.74,198,Moderate
2023-01-20,65.19,161.13,32.28,3.61,162,Moderate
2023-01-21,85.16,112.66,55.76,7.95,212,Poor
2023-01-22,89.3,127.31,46.66,6.68,223,Poor
2023-01-23,82.64,144.21,44.39,7.18,206,Poor
2023-01-24,130.12,215.59,51.66,4.56,325,Very Poor
2023-01-25,75.71,115.22,39.05,3.34,189,Moderate
2023-01-26,88.25,172.46,44.84,7.19,220,Poor
2023-01-27,87.95,162.29,33.1,5.14,219,Poor
2023-01-28,61.37,117.17,45.66,7.87,153,Moderate
2023-01-29,71.67,165.16,52.33,4.38,179,Moderate
2023-01-30,83.26,111.96,46.19,5.7,208,Poor
2023-01-31,64.36,155.06,35.79,3.03,160,Moderate
2023-02-01,66.45,154.97,44.45,6.43,166,Moderate
2023-02-02,69.41,132.47,43.88,5.35,173,Moderate
2023-02-03,77.04,116.69,37.92,3.7,192,Moderate
2023-02-04,84.27,131.06,35.83,5.7,210,Poor
2023-02-05,63.15,160.11,44.84,7.11,160,Moderate
2023-02-06,138.19,156.57,58.89,5.44,345,Very Poor
2023-02-07,89.07,112.27,47.26,3.8,222,Poor
2023-02-08,92.72,142.46,58.23,7.8,231,Poor
2023-02-09,80.86,118.15,41.31,5.0,202,Poor
2023-02-10,55.13,120.75,53.7,6.11,137,Moderate
2023-02-11,62.46,174.38,50.46,5.35,174,Moderate
2023-02-12,74.26,146.9,48.62,4.66,185,Moderate
2023-02-13,83.08,117.56,35.68,7.91,207,Poor
2023-02-14,75.56,137.74,48.01,3.16,188,Moderate
2023-02-15,91.03,142.2,46.2,2.02,227,Poor
2023-02-16,60.21,156.01,48.48,7.64,156,Moderate
2023-02-17,68.22,147.99,38.72,4.7,170,Moderate
2023-02-18,65.53,118.83,54.56,2.69,163,Moderate
2023-02-19,70.46,126.35,58.88,4.93,176,Moderate
2023-02-20,60.93,179.01,35.02,5.21,179,Moderate
2023-02-21,57.0,131.74,56.92,6.35,142,Moderate
2023-02-22,63.35,129.42,44.33,3.43,158,Moderate
2023-02-23,93.02,131.82,50.0,4.41,232,Poor
2023-02-24,91.46,146.22,50.05,7.51,228,Poor
2023-02-25,88.6,140.15,45.29,4.0,221,Poor
2023-02-26,128.53,167.3,50.6,6.66,321,Very Poor
2023-02-27,88.75,160.4,55.73,7.36,221,Poor
2023-02-28,58.89,117.86,38.4,2.72,147,Moderate
2023-03-01,45.01,144.63,25.56,5.85,144,Moderate
2023-03-02,53.23,198.17,44.32,4.1,198,Moderate
2023-03-03,41.6,146.35,35.23,5.82,146,Moderate
2023-03-04,58.0,191.05,21.87,4.1,191,Moderate
2023-03-05,62.4,198.48,31.11,2.59,198,Moderate
2023-03-06,67.25,130.66,40.42,5.58,168,Moderate
2023-03-07,49.31,155.06,37.26,5.87,155,Moderate
2023-03-08,41.62,133.79,43.57,2.32,133,Moderate
2023-03-09,42.13,141.01,27.98,2.68,141,Moderate
2023-03-10,67.3,180.97,36.73,5.37,180,Moderate
2023-03-11,53.26,121.43,29.13,5.11,133,Moderate
2023-03-12,45.67,181.28,35.73,2.84,181,Moderate
2023-03-13,65.84,127.74,28.82,4.79,164,Moderate
2023-03-14,49.47,166.96,44.4,4.64,166,Moderate
2023-03-15,63.87,175.83,41.83,5.57,175,Moderate
2023-03-16,52.54,174.06,40.91,4.91,174,Moderate
2023-03-17,68.52,141.14,20.72,2.07,171,Moderate
2023-03-18,61.39,160.33,27.77,4.93,160,Moderate
2023-03-19,42.5,176.4,37.3,4.01,176,Moderate
2023-03-20,49.55,162.79,38.84,4.04,162,Moderate
2023-03-21,47.38,134.74,38.4,5.82,134,Moderate
2023-03-22,44.95,176.05,24.14,3.79,176,Moderate
2023-03-23,53.61,144.58,21.28,4.6,144,Moderate
2023-03-24,56.39,164.16,21.18,5.98,164,Moderate
2023-03-25,43.76,158.77,25.44,5.81,158,Moderate
2023-03-26,46.94,179.18,39.37,2.08,179,Moderate
2023-03-27,65.62,156.32,42.33,3.44,164,Moderate
2023-03-28,64.21,179.12,29.47,3.06,179,Moderate
2023-03-29,50.1,161.72,42.9,4.78,161,Moderate
2023-03-30,97.9,268.16,29.65,4.28,268,Poor
2023-03-31,42.91,139.49,39.38,4.18,139,Moderate
2023-04-01,62.02,155.84,20.7,4.86,155,Moderate
2023-04-02,82.2,238.81,26.14,2.07,238,Poor
2023-04-03,47.83,131.1,27.47,4.14,131,Moderate
2023-04-04,67.8,173.7,32.27,4.87,173,Moderate
2023-04-05,61.04,123.95,38.15,5.12,152,Moderate
2023-04-06,42.28,157.74,44.21,5.49,157,Moderate
2023-04-07,49.67,124.3,36.84,5.93,124,Moderate
2023-04-08,42.03,125.0,41.65,3.25,124,Moderate
2023-04-09,68.07,179.79,35.7,3.52,179,Moderate
2023-04-10,61.55,181.36,40.88,3.96,181,Moderate
2023-04-11,40.09,180.33,24.87,5.87,180,Moderate
2023-04-12,52.7,169.14,22.19,3.57,169,Moderate
2023-04-13,63.03,180.04,27.81,3.19,180,Moderate
2023-04-14,69.64,186.95,43.98,3.96,186,Moderate
2023-04-15,62.66,159.07,26.86,4.95,159,Moderate
2023-04-16,56.38,162.42,40.53,3.04,162,Moderate
2023-04-17,45.7,189.03,25.81,3.52,189,Moderate
2023-04-18,47.17,142.89,28.11,5.08,142,Moderate
2023-04-19,63.07,159.29,36.56,3.18,159,Moderate
2023-04-20,62.12,234.43,40.72,5.86,234,Poor
2023-04-21,58.46,189.05,40.45,4.75,189,Moderate
2023-04-22,48.62,132.23,36.71,3.37,132,Moderate
2023-04-23,57.6,197.94,35.13,4.43,197,Moderate
2023-04-24,49.05,184.69,30.51,2.04,184,Moderate
2023-04-25,62.25,171.89,31.09,4.16,171,Moderate
2023-04-26,58.15,134.59,32.76,2.92,145,Moderate
2023-04-27,69.86,160.78,31.34,4.01,174,Moderate
2023-04-28,41.6,131.28,26.29,4.76,131,Moderate
2023-04-29,74.72,221.65,30.45,4.07,221,Poor
2023-04-30,58.54,178.73,24.23,3.27,178,Moderate
2023-05-01,53.66,173.8,43.19,5.68,173,Moderate
2023-05-02,64.15,270.35,20.15,4.62,270,Poor
2023-05-03,48.04,149.78,39.36,5.18,149,Moderate
2023-05-04,87.66,279.78,30.97,3.45,279,Poor
2023-05-05,63.4,164.23,30.08,4.08,164,Moderate
2023-05-06,51.41,162.48,24.9,4.42,162,Moderate
2023-05-07,58.86,128.63,35.61,5.69,147,Moderate
2023-05-08,73.97,171.45,41.44,3.84,184,Moderate
2023-05-09,59.5,193.9,25.07,3.56,193,Moderate
2023-05-10,62.96,183.4,25.34,4.69,183,Moderate
2023-05-11,66.93,241.97,21.15,3.93,241,Poor
2023-05-12,63.24,175.97,29.46,5.51,175,Moderate
2023-05-13,57.16,186.76,20.7,3.17,186,Moderate
2023-05-14,54.04,183.84,44.67,5.6,183,Moderate
2023-05-15,44.56,177.15,20.79,3.91,177,Moderate
2023-05-16,56.67,120.24,32.36,5.88,141,Moderate
2023-05-17,68.51,141.17,23.75,3.11,171,Moderate
2023-05-18,49.96,147.18,21.75,2.49,147,Moderate
2023-05-19,56.77,184.1,29.2,5.34,184,Moderate
2023-05-20,47.34,142.71,36.86,2.22,142,Moderate
2023-05-21,45.66,125.87,27.03,2.32,125,Moderate
2023-05-22,43.09,134.68,23.62,3.38,134,Moderate
2023-05-23,46.13,153.74,33.76,4.93,153,Moderate
2023-05-24,55.03,181.38,35.88,5.95,181,Moderate
2023-05-25,69.01,171.67,41.98,2.64,172,Moderate
2023-05-26,58.61,146.92,33.26,4.65,146,Moderate
2023-05-27,45.06,164.07,20.92,4.51,164,Moderate
2023-05-28,58.03,192.24,39.85,4.06,192,Moderate
2023-05-29,60.56,147.64,34.19,3.69,151,Moderate
2023-05-30,40.19,199.64,28.06,4.11,199,Moderate
2023-05-31,42.05,151.75,20.09,2.81,151,Moderate
2023-06-01,26.35,45.92,26.84,3.7,65,Satisfactory
2023-06-02,29.64,42.93,17.88,1.33,74,Satisfactory
2023-06-03,24.1,62.39,14.75,1.99,62,Satisfactory
2023-06-04,24.09,51.23,13.53,1.51,60,Satisfactory
2023-06-05,17.95,52.41,24.65,3.22,52,Satisfactory
2023-06-06,34.47,73.35,17.34,2.86,86,Satisfactory
2023-06-07,18.2,61.37,23.62,1.21,61,Satisfactory
2023-06-08,19.17,55.71,20.21,3.68,55,Satisfactory
2023-06-09,31.03,50.65,15.74,2.73,77,Satisfactory
2023-06-10,30.76,67.93,17.28,2.04,76,Satisfactory
2023-06-11,22.63,42.36,23.83,3.36,56,Satisfactory
2023-06-12,28.42,62.52,28.23,1.64,71,Satisfactory
2023-06-13,25.6,66.58,23.66,1.64,66,Satisfactory
2023-06-14,31.08,50.25,29.17,3.21,77,Satisfactory
2023-06-15,27.11,45.2,24.19,3.68,67,Satisfactory
2023-06-16,16.55,79.43,12.12,2.56,79,Satisfactory
2023-06-17,24.78,53.85,24.79,2.41,61,Satisfactory
2023-06-18,32.63,57.7,29.46,1.7,81,Satisfactory
2023-06-19,37.95,70.12,11.24,2.05,94,Satisfactory
2023-06-20,24.18,70.37,23.8,1.62,70,Satisfactory
2023-06-21,17.19,73.2,19.23,2.72,73,Satisfactory
2023-06-22,23.51,76.17,23.32,2.46,76,Satisfactory
2023-06-23,15.45,46.19,29.74,3.8,46,Good
2023-06-24,21.61,66.17,20.54,1.83,66,Satisfactory
2023-06-25,23.28,60.12,26.71,2.81,60,Satisfactory
2023-06-26,24.08,61.49,14.08,2.97,61,Satisfactory
2023-06-27,23.74,47.14,24.84,1.01,59,Satisfactory
2023-06-28,24.35,57.14,26.28,2.9,60,Satisfactory
2023-06-29,30.28,70.23,18.04,1.19,75,Satisfactory
2023-06-30,34.23,58.49,21.06,3.82,85,Satisfactory
2023-07-01,33.07,68.52,18.84,3.74,82,Satisfactory
2023-07-02,23.1,58.05,19.92,2.79,58,Satisfactory
2023-07-03,31.6,75.4,10.96,1.94,79,Satisfactory
2023-07-04,28.73,63.6,21.32,2.61,71,Satisfactory
2023-07-05,45.31,62.47,29.49,3.89,113,Moderate
2023-07-06,17.13,74.38,11.3,3.67,74,Satisfactory
2023-07-07,17.99,44.66,17.41,1.19,44,Good
2023-07-08,34.71,46.33,28.97,2.95,86,Satisfactory
2023-07-09,20.08,64.27,16.26,3.16,64,Satisfactory
2023-07-10,22.97,70.03,17.73,3.68,70,Satisfactory
2023-07-11,19.26,51.54,13.79,1.73,51,Satisfactory
2023-07-12,21.31,57.84,24.09,3.5,57,Satisfactory
2023-07-13,15.94,73.36,27.86,2.25,73,Satisfactory
2023-07-14,29.32,69.77,27.07,2.65,73,Satisfactory
2023-07-15,29.87,45.4,12.7,2.06,74,Satisfactory
2023-07-16,19.53,42.57,21.16,1.78,48,Good
2023-07-17,23.3,77.7,15.71,2.82,77,Satisfactory
2023-07-18,17.54,65.09,26.42,1.79,65,Satisfactory
2023-07-19,16.61,77.47,26.43,2.18,77,Satisfactory
2023-07-20,22.41,61.36,17.8,3.71,61,Satisfactory
2023-07-21,34.31,50.93,11.93,2.41,85,Satisfactory
2023-07-22,15.12,47.77,19.48,2.6,47,Good
2023-07-23,24.49,52.19,10.63,3.78,61,Satisfactory
2023-07-24,22.67,62.59,21.25,3.68,62,Satisfactory
2023-07-25,31.57,40.7,27.56,1.28,78,Satisfactory
2023-07-26,15.11,65.62,25.74,3.98,65,Satisfactory
2023-07-27,24.34,79.01,24.66,2.1,79,Satisfactory
2023-07-28,22.38,76.92,19.61,1.47,76,Satisfactory
2023-07-29,15.43,75.82,22.0,3.51,75,Satisfactory
2023-07-30,27.96,106.18,26.09,3.65,106,Moderate
2023-07-31,15.18,69.46,22.32,3.11,69,Satisfactory
2023-08-01,33.21,49.59,20.51,3.16,83,Satisfactory
2023-08-02,21.33,79.02,15.98,1.52,79,Satisfactory
2023-08-03,27.87,67.07,22.44,3.3,69,Satisfactory
2023-08-04,30.78,65.96,22.52,1.76,76,Satisfactory
2023-08-05,25.54,50.7,27.94,2.01,63,Satisfactory
2023-08-06,28.75,56.31,20.49,1.42,71,Satisfactory
2023-08-07,16.66,50.64,29.19,2.86,50,Satisfactory
2023-08-08,17.47,68.31,28.36,1.97,68,Satisfactory
2023-08-09,31.0,54.61,20.73,2.16,77,Satisfactory
2023-08-10,29.24,58.04,23.32,2.8,73,Satisfactory
2023-08-11,32.33,54.56,10.54,2.43,80,Satisfactory
2023-08-12,30.62,74.49,17.48,1.28,76,Satisfactory
2023-08-13,22.01,41.53,18.08,1.9,55,Satisfactory
2023-08-14,20.94,44.51,29.28,1.77,52,Satisfactory
2023-08-15,25.92,79.62,19.86,2.74,79,Satisfactory
2023-08-16,22.36,72.76,20.12,1.62,72,Satisfactory
2023-08-17,29.12,73.56,29.2,2.82,73,Satisfactory
2023-08-18,23.19,70.51,21.9,2.39,70,Satisfactory
2023-08-19,21.76,47.89,12.05,1.26,54,Satisfactory
2023-08-20,43.03,64.63,28.32,3.94,107,Moderate
2023-08-21,15.25,49.18,26.58,2.82,49,Good
2023-08-22,30.61,40.08,16.18,2.72,76,Satisfactory
2023-08-23,17.14,75.18,10.68,2.49,75,Satisfactory
2023-08-24,23.07,71.52,23.67,3.44,71,Satisfactory
2023-08-25,47.07,87.42,17.65,2.58,117,Moderate
2023-08-26,20.1,63.91,23.52,2.23,63,Satisfactory
2023-08-27,21.25,78.75,15.26,2.3,78,Satisfactory
2023-08-28,21.41,70.78,28.4,3.75,70,Satisfactory
2023-08-29,27.58,44.57,29.66,2.5,68,Satisfactory
2023-08-30,15.89,78.13,20.03,3.47,78,Satisfactory
2023-08-31,29.45,75.49,28.2,1.16,75,Satisfactory
2023-09-01,17.74,78.11,21.6,2.48,78,Satisfactory
2023-09-02,34.81,48.49,20.23,3.08,87,Satisfactory
2023-09-03,31.89,65.29,24.75,1.31,79,Satisfactory
2023-09-04,32.68,60.23,29.41,3.77,81,Satisfactory
2023-09-05,30.96,46.2,23.52,1.84,77,Satisfactory
2023-09-06,20.91,61.78,23.28,2.38,61,Satisfactory
2023-09-07,27.15,67.27,15.15,2.36,67,Satisfactory
2023-09-08,17.38,43.52,27.09,2.72,43,Good
2023-09-09,26.79,40.69,12.89,3.49,66,Satisfactory
2023-09-10,18.71,71.24,16.96,3.01,71,Satisfactory
2023-09-11,17.16,69.01,14.58,1.81,69,Satisfactory
2023-09-12,27.0,77.92,26.78,3.88,77,Satisfactory
2023-09-13,21.29,70.61,17.02,1.17,70,Satisfactory
2023-09-14,30.81,64.74,23.15,1.51,77,Satisfactory
2023-09-15,26.2,47.94,24.02,3.7,65,Satisfactory
2023-09-16,16.96,76.41,29.82,1.54,76,Satisfactory
2023-09-17,19.44,56.58,16.06,3.94,56,Satisfactory
2023-09-18,26.85,69.53,21.68,2.59,69,Satisfactory
2023-09-19,31.58,74.74,17.03,3.87,78,Satisfactory
2023-09-20,34.34,70.92,21.83,3.97,85,Satisfactory
2023-09-21,20.82,79.63,12.28,1.33,79,Satisfactory
2023-09-22,25.73,47.78,26.12,2.45,64,Satisfactory
2023-09-23,22.32,55.86,10.49,3.68,55,Satisfactory
2023-09-24,32.8,64.78,25.12,1.69,82,Satisfactory
2023-09-25,21.22,48.15,15.73,2.85,53,Satisfactory
2023-09-26,20.47,56.49,10.87,1.27,56,Satisfactory
2023-09-27,23.49,87.86,21.51,3.22,87,Satisfactory
2023-09-28,33.23,73.47,21.1,3.92,83,Satisfactory
2023-09-29,31.47,65.78,19.0,2.66,78,Satisfactory
2023-09-30,27.05,69.5,20.74,3.91,69,Satisfactory
2023-10-01,58.97,136.19,48.98,4.71,147,Moderate
2023-10-02,41.41,114.39,38.51,3.94,114,Moderate
2023-10-03,71.78,116.92,25.32,2.07,179,Moderate
2023-10-04,51.93,128.81,46.83,2.29,129,Moderate
2023-10-05,47.34,109.51,37.24,3.0,118,Moderate
2023-10-06,45.99,101.46,29.63,2.08,114,Moderate
2023-10-07,61.5,108.37,29.81,4.93,153,Moderate
2023-10-08,55.76,112.47,31.92,3.5,139,Moderate
2023-10-09,48.68,121.27,32.69,3.08,121,Moderate
2023-10-10,76.57,167.52,43.81,2.48,191,Moderate
2023-10-11,67.49,121.52,32.61,2.63,168,Moderate
2023-10-12,54.01,135.16,32.79,4.87,135,Moderate
2023-10-13,51.57,121.19,33.55,4.91,128,Moderate
2023-10-14,72.26,95.48,43.5,4.97,180,Moderate
2023-10-15,55.54,121.42,39.07,4.05,138,Moderate
2023-10-16,42.8,96.35,42.23,4.68,107,Moderate
2023-10-17,61.31,112.59,42.71,2.96,153,Moderate
2023-10-18,55.96,112.36,38.76,4.65,139,Moderate
2023-10-19,60.75,121.21,45.6,3.38,151,Moderate
2023-10-20,69.35,115.48,46.26,4.41,173,Moderate
2023-10-21,44.14,124.69,28.88,2.86,124,Moderate
2023-10-22,51.15,123.99,26.92,3.72,127,Moderate
2023-10-23,67.29,124.85,33.12,4.59,168,Moderate
2023-10-24,58.71,105.62,47.51,3.66,146,Moderate
2023-10-25,103.17,144.85,48.2,4.59,257,Poor
2023-10-26,72.83,120.11,27.07,2.36,182,Moderate
2023-10-27,64.96,93.46,49.11,3.9,162,Moderate
2023-10-28,71.72,129.34,49.87,2.63,179,Moderate
2023-10-29,62.3,111.39,39.96,4.55,155,Moderate
2023-10-30,46.95,99.61,39.89,3.61,117,Moderate
2023-10-31,51.58,96.38,31.25,4.34,128,Moderate
2023-11-01,94.94,161.33,45.97,7.38,237,Poor
2023-11-02,88.04,167.32,55.26,6.64,220,Poor
2023-11-03,94.19,136.93,37.81,5.41,235,Poor
2023-11-04,75.1,158.14,58.46,4.56,187,Moderate
2023-11-05,65.57,177.86,52.01,3.49,177,Moderate
2023-11-06,68.44,155.76,51.09,5.3,171,Moderate
2023-11-07,89.08,178.73,57.0,6.61,222,Poor
2023-11-08,69.45,112.46,56.73,6.45,173,Moderate
2023-11-09,56.76,153.77,55.32,4.11,153,Moderate
2023-11-10,93.88,117.41,46.64,6.64,234,Poor
2023-11-11,64.07,110.15,59.83,5.16,160,Moderate
2023-11-12,244.72,381.2,67.53,14.69,500,Severe
2023-11-13,206.54,225.25,42.08,7.16,500,Severe
2023-11-14,55.62,110.7,50.97,6.56,139,Moderate
2023-11-15,80.78,165.36,56.48,7.46,201,Poor
2023-11-16,60.58,120.82,45.35,3.04,151,Moderate
2023-11-17,78.3,156.16,33.87,5.3,195,Moderate
2023-11-18,80.66,167.54,33.24,6.68,201,Poor
2023-11-19,88.2,139.74,41.6,7.91,220,Poor
2023-11-20,61.29,113.22,49.5,2.87,153,Moderate
2023-11-21,79.58,130.42,40.5,5.36,198,Moderate
2023-11-22,72.31,150.13,44.37,3.68,180,Moderate
2023-11-23,63.54,122.9,42.69,5.39,158,Moderate
2023-11-24,58.14,145.85,30.15,3.89,145,Moderate
2023-11-25,88.8,129.23,48.05,7.87,221,Poor
2023-11-26,99.32,229.64,52.18,5.34,248,Poor
2023-11-27,62.75,125.36,42.78,3.32,156,Moderate
2023-11-28,87.6,165.98,47.41,6.54,218,Poor
2023-11-29,57.34,120.15,49.94,4.49,143,Moderate
2023-11-30,83.28,175.59,49.63,3.81,208,Poor
2023-12-01,72.02,125.96,32.33,7.58,180,Moderate
2023-12-02,86.27,113.76,54.66,3.67,215,Poor
2023-12-03,57.98,157.16,52.24,7.25,157,Moderate
2023-12-04,75.4,125.18,35.37,6.8,188,Moderate
2023-12-05,89.55,134.61,31.43,4.63,223,Poor
2023-12-06,79.51,112.41,47.81,5.91,198,Moderate
2023-12-07,79.75,132.84,41.73,4.97,199,Moderate
2023-12-08,80.88,162.55,58.96,3.28,202,Poor
2023-12-09,56.74,179.53,57.7,2.16,179,Moderate
2023-12-10,57.24,122.9,37.35,5.49,143,Moderate
2023-12-11,83.02,178.34,37.55,2.45,207,Poor
2023-12-12,92.04,144.36,52.84,6.22,230,Poor
2023-12-13,92.02,159.06,41.5,2.23,230,Poor
2023-12-14,83.25,180.15,52.92,5.06,208,Poor
2023-12-15,78.29,176.91,36.19,2.03,195,Moderate
2023-12-16,93.71,174.11,37.55,3.33,234,Poor
2023-12-17,85.99,143.62,31.96,3.61,214,Poor
2023-12-18,73.32,145.19,50.84,5.72,183,Moderate
2023-12-19,85.21,142.69,40.42,7.87,213,Poor
2023-12-20,73.07,132.99,59.7,4.18,182,Moderate
2023-12-21,73.97,153.93,37.4,5.54,184,Moderate
2023-12-22,92.05,246.87,35.24,4.7,246,Poor
2023-12-23,81.0,142.99,51.95,6.79,202,Poor
2023-12-24,63.82,121.81,48.52,2.44,159,Moderate
2023-12-25,112.44,215.56,56.28,4.74,281,Poor
2023-12-26,80.65,159.75,57.24,2.12,201,Poor
2023-12-27,56.27,135.48,45.34,3.69,140,Moderate
2023-12-28,94.37,115.92,30.85,4.3,235,Poor
2023-12-29,58.04,149.34,42.16,5.76,149,Moderate
2023-12-30,67.87,130.53,48.31,4.62,169,Moderate
2023-12-31,73.64,176.05,32.72,5.55,184,Moderate
2024-01-01,77.03,170.62,53.48,6.84,192,Moderate
2024-01-02,87.92,158.57,54.69,5.13,219,Poor
2024-01-03,94.22,151.01,38.75,6.92,235,Poor
2024-01-04,61.09,161.39,57.44,5.04,161,Moderate
2024-01-05,92.6,110.22,35.72,2.27,231,Poor
2024-01-06,68.2,177.07,31.93,7.86,177,Moderate
2024-01-07,134.8,235.12,34.69,5.28,336,Very Poor
2024-01-08,80.74,144.71,41.26,6.07,201,Poor
2024-01-09,60.95,125.23,30.73,4.45,152,Moderate
2024-01-10,70.97,122.54,50.58,7.41,177,Moderate
2024-01-11,90.64,161.46,34.0,7.51,226,Poor
2024-01-12,55.25,150.38,37.0,4.42,150,Moderate
2024-01-13,67.49,170.99,31.56,5.77,170,Moderate
2024-01-14,83.34,141.14,46.26,2.34,208,Poor
2024-01-15,69.0,179.25,37.63,3.95,179,Moderate
2024-01-16,93.06,177.18,53.96,5.96,232,Poor
2024-01-17,81.55,173.13,38.06,4.86,203,Poor
2024-01-18,79.53,158.53,56.92,3.46,198,Moderate
2024-01-19,94.44,170.75,47.32,5.84,236,Poor
2024-01-20,66.81,159.05,56.96,5.1,167,Moderate
2024-01-21,89.98,153.06,54.16,5.33,224,Poor
2024-01-22,62.34,142.07,50.48,5.79,155,Moderate
2024-01-23,60.63,117.3,55.34,7.55,151,Moderate
2024-01-24,60.76,156.91,30.35,7.96,156,Moderate
2024-01-25,57.87,122.34,31.91,5.68,144,Moderate
2024-01-26,82.86,161.8,47.87,4.15,207,Poor
2024-01-27,63.46,140.7,44.71,7.68,158,Moderate
2024-01-28,75.29,169.23,47.95,2.74,188,Moderate
2024-01-29,79.27,133.24,52.98,3.53,198,Moderate
2024-01-30,72.98,127.87,54.37,2.47,182,Moderate
2024-01-31,56.16,132.09,51.71,4.91,140,Moderate
2024-02-01,66.25,143.97,40.59,2.49,165,Moderate
2024-02-02,82.82,138.16,43.8,4.28,207,Poor
2024-02-03,75.99,115.33,31.38,7.33,189,Moderate
2024-02-04,58.41,144.37,32.66,7.72,146,Moderate
2024-02-05,77.84,143.5,54.68,5.98,194,Moderate
2024-02-06,74.16,134.43,59.0,6.32,185,Moderate
2024-02-07,132.04,156.35,53.45,4.11,330,Very Poor
2024-02-08,67.65,151.97,32.97,3.41,169,Moderate
2024-02-09,90.12,136.15,45.21,7.45,225,Poor
2024-02-10,92.75,111.09,49.69,5.4,231,Poor
2024-02-11,89.24,119.49,54.21,7.96,223,Poor
2024-02-12,92.01,224.4,55.84,4.17,230,Poor
2024-02-13,91.43,153.34,54.93,7.38,228,Poor
2024-02-14,79.1,129.47,38.42,2.23,197,Moderate
2024-02-15,58.78,152.05,54.89,5.9,152,Moderate
2024-02-16,55.81,171.14,56.57,7.52,171,Moderate
2024-02-17,88.89,133.23,55.56,3.48,222,Poor
2024-02-18,98.62,222.77,38.35,3.37,246,Poor
2024-02-19,62.53,128.83,50.17,4.28,156,Moderate
2024-02-20,70.3,131.91,57.0,6.16,175,Moderate
2024-02-21,62.56,150.51,30.76,6.17,156,Moderate
2024-02-22,83.84,159.92,31.83,5.4,209,Poor
2024-02-23,94.17,166.1,45.64,5.12,235,Poor
2024-02-24,55.71,131.48,53.01,3.34,139,Moderate
2024-02-25,67.15,113.82,56.22,5.46,167,Moderate
2024-02-26,98.0,194.81,36.38,6.88,244,Poor
2024-02-27,62.96,114.23,51.26,4.82,157,Moderate
2024-02-28,80.72,110.63,49.84,5.08,201,Poor
2024-02-29,60.85,175.32,31.34,6.98,175,Moderate
2024-03-01,56.49,168.49,38.97,5.49,168,Moderate
2024-03-02,53.16,129.99,33.41,4.14,132,Moderate
2024-03-03,57.18,127.28,28.71,5.98,142,Moderate
2024-03-04,56.23,187.63,31.41,2.77,187,Moderate
2024-03-05,50.95,132.16,23.21,2.07,132,Moderate
2024-03-06,49.57,166.32,38.74,3.2,166,Moderate
2024-03-07,47.38,126.84,24.86,5.51,126,Moderate
2024-03-08,68.6,147.25,39.15,3.71,171,Moderate
2024-03-09,69.37,151.94,31.99,3.92,173,Moderate
2024-03-10,66.0,190.9,20.34,5.01,190,Moderate
2024-03-11,85.99,272.26,30.17,3.11,272,Poor
2024-03-12,51.11,170.3,34.98,3.96,170,Moderate
2024-03-13,68.03,193.28,33.53,5.73,193,Moderate
2024-03-14,55.79,143.27,34.18,5.49,143,Moderate
2024-03-15,65.91,154.31,32.39,2.17,164,Moderate
2024-03-16,58.77,190.84,38.84,3.61,190,Moderate
2024-03-17,59.89,196.25,44.07,4.36,196,Moderate
2024-03-18,59.07,135.52,28.02,3.21,147,Moderate
2024-03-19,60.0,176.53,26.51,4.8,176,Moderate
2024-03-20,40.44,193.38,25.88,3.5,193,Moderate
2024-03-21,49.26,188.3,36.5,4.25,188,Moderate
2024-03-22,48.93,126.0,36.05,3.48,126,Moderate
2024-03-23,59.2,186.97,32.73,2.59,186,Moderate
2024-03-24,86.93,233.89,34.84,3.58,233,Poor
2024-03-25,65.99,193.04,42.78,2.66,193,Moderate
2024-03-26,43.11,170.07,35.78,4.41,170,Moderate
2024-03-27,60.81,150.0,28.96,2.72,152,Moderate
2024-03-28,63.39,130.09,40.28,5.33,158,Moderate
2024-03-29,68.87,193.19,41.01,5.02,193,Moderate
2024-03-30,63.53,145.7,28.32,4.9,158,Moderate
2024-03-31,65.24,180.04,24.33,4.3,180,Moderate
2024-04-01,55.61,142.51,42.8,4.06,142,Moderate
2024-04-02,52.39,125.64,40.78,2.13,130,Moderate
2024-04-03,66.0,148.4,21.2,4.18,165,Moderate
2024-04-04,48.86,171.95,24.78,2.36,171,Moderate
2024-04-05,61.8,139.79,23.7,5.85,154,Moderate
2024-04-06,49.1,139.58,20.62,2.67,139,Moderate
2024-04-07,59.89,169.77,34.99,2.81,169,Moderate
2024-04-08,46.97,166.63,32.28,3.27,166,Moderate
2024-04-09,46.0,141.95,29.88,4.18,141,Moderate
2024-04-10,57.32,166.73,43.35,4.94,166,Moderate
2024-04-11,47.55,184.13,31.03,2.33,184,Moderate
2024-04-12,61.54,199.16,43.03,5.13,199,Moderate
2024-04-13,60.68,136.25,21.09,5.08,151,Moderate
2024-04-14,61.36,174.86,37.9,3.44,174,Moderate
2024-04-15,50.86,146.3,25.02,3.41,146,Moderate
2024-04-16,46.77,178.46,36.77,2.29,178,Moderate
2024-04-17,64.21,168.79,28.96,3.01,168,Moderate
2024-04-18,45.62,182.95,26.38,5.82,182,Moderate
2024-04-19,61.33,154.64,29.3,5.82,154,Moderate
2024-04-20,65.64,142.19,37.09,3.75,164,Moderate
2024-04-21,47.8,188.86,26.65,5.54,188,Moderate
2024-04-22,52.42,181.57,29.49,4.71,181,Moderate
2024-04-23,49.19,172.65,35.52,5.3,172,Moderate
2024-04-24,55.18,175.09,29.25,3.84,175,Moderate
2024-04-25,41.37,145.49,28.73,5.26,145,Moderate
2024-04-26,64.74,144.68,23.24,4.47,161,Moderate
2024-04-27,45.61,169.05,42.67,3.72,169,Moderate
2024-04-28,46.78,184.72,42.84,3.3,184,Moderate
2024-04-29,73.66,180.7,42.71,2.52,184,Moderate
2024-04-30,59.11,141.76,21.86,5.34,147,Moderate
2024-05-01,50.93,146.73,32.23,3.4,146,Moderate
2024-05-02,49.16,125.96,23.47,4.45,125,Moderate
2024-05-03,48.59,142.7,39.34,4.52,142,Moderate
2024-05-04,61.29,195.4,41.6,2.61,195,Moderate
2024-05-05,54.15,194.77,43.33,3.37,194,Moderate
2024-05-06,58.62,199.08,39.8,2.9,199,Moderate
2024-05-07,69.03,148.38,40.37,4.59,172,Moderate
2024-05-08,53.57,191.05,25.77,4.27,191,Moderate
2024-05-09,56.93,123.73,29.51,3.67,142,Moderate
2024-05-10,60.4,269.64,35.83,5.25,269,Poor
2024-05-11,43.5,169.83,22.35,5.09,169,Moderate
2024-05-12,60.87,173.2,42.24,3.22,173,Moderate
2024-05-13,56.33,187.57,35.72,5.6,187,Moderate
2024-05-14,67.47,161.19,21.36,4.16,168,Moderate
2024-05-15,56.59,194.22,30.02,3.32,194,Moderate
2024-05-16,47.52,185.79,30.42,5.12,185,Moderate
2024-05-17,99.29,188.59,33.71,4.23,248,Poor
2024-05-18,52.12,163.02,22.21,4.01,163,Moderate
2024-05-19,70.15,175.35,37.15,2.55,175,Moderate
2024-05-20,46.79,139.11,27.81,5.85,139,Moderate
2024-05-21,68.56,149.53,44.5,2.34,171,Moderate
2024-05-22,47.3,154.65,35.32,2.91,154,Moderate
2024-05-23,84.42,279.06,26.22,2.87,279,Poor
2024-05-24,55.5,143.54,31.94,3.42,143,Moderate
2024-05-25,42.89,165.61,27.15,4.4,165,Moderate
2024-05-26,40.89,146.95,32.85,3.77,146,Moderate
2024-05-27,41.36,166.04,31.57,5.01,166,Moderate
2024-05-28,45.65,146.86,35.99,4.37,146,Moderate
2024-05-29,60.13,181.71,38.34,4.17,181,Moderate
2024-05-30,63.7,193.77,43.24,5.57,193,Moderate
2024-05-31,40.87,157.12,34.76,2.55,157,Moderate
2024-06-01,15.08,41.73,15.85,1.5,41,Good
2024-06-02,32.53,70.21,10.67,1.74,81,Satisfactory
2024-06-03,39.19,104.34,23.65,2.59,104,Moderate
2024-06-04,26.32,58.74,26.83,1.15,65,Satisfactory
2024-06-05,15.77,73.5,21.43,1.75,73,Satisfactory
2024-06-06,29.13,59.06,24.51,3.78,72,Satisfactory
2024-06-07,24.05,61.41,16.4,3.16,61,Satisfactory
2024-06-08,15.94,56.57,13.89,2.69,56,Satisfactory
2024-06-09,26.6,71.22,24.07,2.38,71,Satisfactory
2024-06-10,25.56,78.08,22.2,3.94,78,Satisfactory
2024-06-11,29.91,93.14,14.79,2.17,93,Satisfactory
2024-06-12,25.84,76.57,28.54,2.51,76,Satisfactory
2024-06-13,26.59,59.07,16.8,2.72,66,Satisfactory
2024-06-14,23.12,56.89,29.9,2.78,57,Satisfactory
2024-06-15,34.32,42.06,14.52,1.85,85,Satisfactory
2024-06-16,26.13,53.05,15.26,3.29,65,Satisfactory
2024-06-17,25.21,42.51,14.96,3.22,63,Satisfactory
2024-06-18,34.56,48.36,13.91,1.47,86,Satisfactory
2024-06-19,17.91,57.75,23.38,2.13,57,Satisfactory
2024-06-20,31.12,55.29,10.44,2.61,77,Satisfactory
2024-06-21,42.33,96.7,15.91,3.55,105,Moderate
2024-06-22,17.01,55.99,11.55,3.58,55,Satisfactory
2024-06-23,18.12,74.69,15.63,2.77,74,Satisfactory
2024-06-24,19.23,56.48,13.33,2.41,56,Satisfactory
2024-06-25,25.29,58.17,12.8,2.34,63,Satisfactory
2024-06-26,20.38,78.79,29.31,1.67,78,Satisfactory
2024-06-27,27.49,73.38,10.94,2.78,73,Satisfactory
2024-06-28,30.62,82.46,19.77,2.04,82,Satisfactory
2024-06-29,19.6,46.76,24.74,1.4,48,Good
2024-06-30,15.27,45.36,12.29,2.85,45,Good
2024-07-01,49.54,57.47,24.83,1.73,123,Moderate
2024-07-02,20.44,45.2,25.19,2.57,51,Satisfactory
2024-07-03,28.33,60.11,21.93,2.46,70,Satisfactory
2024-07-04,33.26,77.2,14.13,3.55,83,Satisfactory
2024-07-05,32.23,75.01,26.69,3.82,80,Satisfactory
2024-07-06,30.65,98.0,11.95,2.71,98,Satisfactory
2024-07-07,31.32,50.98,18.46,3.02,78,Satisfactory
2024-07-08,32.2,57.44,15.76,1.41,80,Satisfactory
2024-07-09,29.48,67.28,28.72,3.35,73,Satisfactory
2024-07-10,34.38,74.69,29.71,2.85,85,Satisfactory
2024-07-11,32.71,75.68,23.14,2.45,81,Satisfactory
2024-07-12,25.58,79.49,24.66,1.85,79,Satisfactory
2024-07-13,29.69,63.65,19.64,3.08,74,Satisfactory
2024-07-14,32.31,64.29,26.28,2.84,80,Satisfactory
2024-07-15,47.74,60.3,20.39,1.57,119,Moderate
2024-07-16,32.31,42.0,25.12,3.94,80,Satisfactory
2024-07-17,27.44,45.77,10.16,2.23,68,Satisfactory
2024-07-18,21.82,49.95,12.56,1.69,54,Satisfactory
2024-07-19,23.37,76.94,12.54,3.98,76,Satisfactory
2024-07-20,18.92,54.3,10.0,2.29,54,Satisfactory
2024-07-21,25.02,50.36,15.29,2.4,62,Satisfactory
2024-07-22,19.54,53.78,25.45,2.47,53,Satisfactory
2024-07-23,17.18,49.41,18.3,1.45,49,Good
2024-07-24,27.7,47.26,14.29,2.76,69,Satisfactory
2024-07-25,34.92,59.89,14.9,3.59,87,Satisfactory
2024-07-26,34.69,65.17,22.15,1.75,86,Satisfactory
2024-07-27,25.77,50.54,20.71,1.44,64,Satisfactory
2024-07-28,18.23,78.91,12.14,2.53,78,Satisfactory
2024-07-29,34.07,79.07,18.91,3.22,85,Satisfactory
2024-07-30,22.85,65.44,17.61,1.61,65,Satisfactory
2024-07-31,16.75,75.19,24.31,2.69,75,Satisfactory
2024-08-01,31.42,75.61,29.59,1.89,78,Satisfactory
2024-08-02,19.77,48.16,21.8,1.42,49,Good
2024-08-03,32.71,61.1,29.59,2.48,81,Satisfactory
2024-08-04,33.86,43.48,15.03,2.16,84,Satisfactory
2024-08-05,15.21,71.93,24.03,2.59,71,Satisfactory
2024-08-06,32.04,65.0,11.72,1.26,80,Satisfactory
2024-08-07,23.24,88.26,23.15,2.75,88,Satisfactory
2024-08-08,19.11,41.8,25.94,3.93,47,Good
2024-08-09,26.77,91.8,24.13,3.0,91,Satisfactory
2024-08-10,27.87,67.85,21.0,2.03,69,Satisfactory
2024-08-11,18.6,50.65,17.41,2.92,50,Satisfactory
2024-08-12,45.42,78.32,29.33,2.37,113,Moderate
2024-08-13,48.02,65.55,24.44,1.63,120,Moderate
2024-08-14,32.82,64.72,25.61,3.75,82,Satisfactory
2024-08-15,22.56,54.64,23.1,2.01,56,Satisfactory
2024-08-16,16.42,60.08,28.93,1.87,60,Satisfactory
2024-08-17,34.44,89.49,27.31,2.65,89,Satisfactory
2024-08-18,15.56,59.11,21.84,1.97,59,Satisfactory
2024-08-19,20.7,57.29,24.92,1.54,57,Satisfactory
2024-08-20,23.44,107.84,17.26,2.85,107,Moderate
2024-08-21,20.61,48.71,20.9,3.99,51,Satisfactory
2024-08-22,32.11,46.6,22.82,1.43,80,Satisfactory
2024-08-23,24.15,41.02,10.78,3.09,60,Satisfactory
2024-08-24,32.67,47.28,24.91,1.26,81,Satisfactory
2024-08-25,22.2,61.18,18.78,2.64,61,Satisfactory
2024-08-26,27.16,43.0,29.65,2.05,67,Satisfactory
2024-08-27,28.47,40.39,12.99,2.3,71,Satisfactory
2024-08-28,19.61,47.88,28.5,1.74,49,Good
2024-08-29,45.99,96.62,10.68,1.56,114,Moderate
2024-08-30,51.19,83.11,16.02,2.36,127,Moderate
2024-08-31,23.71,42.29,26.48,1.62,59,Satisfactory
2024-09-01,23.96,61.82,13.71,2.79,61,Satisfactory
2024-09-02,31.21,51.83,28.82,2.05,78,Satisfactory
2024-09-03,34.12,79.45,24.3,1.6,85,Satisfactory
2024-09-04,32.66,64.9,11.15,3.1,81,Satisfactory
2024-09-05,26.48,101.68,12.22,2.59,101,Moderate
2024-09-06,17.89,74.0,24.45,1.78,74,Satisfactory
2024-09-07,21.28,77.72,16.37,3.92,77,Satisfactory
2024-09-08,22.09,44.43,28.85,3.81,55,Satisfactory
2024-09-09,22.74,68.64,20.91,1.59,68,Satisfactory
2024-09-10,34.42,71.54,25.3,3.94,86,Satisfactory
2024-09-11,34.9,70.27,13.23,2.6,87,Satisfactory
2024-09-12,28.8,69.83,27.8,2.92,72,Satisfactory
2024-09-13,24.94,49.98,26.51,3.65,62,Satisfactory
2024-09-14,33.14,43.35,21.56,3.42,82,Satisfactory
2024-09-15,23.05,42.9,22.44,1.7,57,Satisfactory
2024-09-16,31.89,67.71,13.54,2.13,79,Satisfactory
2024-09-17,29.99,75.67,28.81,1.49,75,Satisfactory
2024-09-18,21.22,62.18,15.51,2.9,62,Satisfactory
2024-09-19,25.46,45.04,16.78,3.29,63,Satisfactory
2024-09-20,29.29,61.41,19.22,2.92,73,Satisfactory
2024-09-21,18.37,77.34,20.16,3.93,77,Satisfactory
2024-09-22,17.8,64.62,25.88,3.42,64,Satisfactory
2024-09-23,34.46,62.15,24.43,1.7,86,Satisfactory
2024-09-24,15.07,56.07,18.3,3.66,56,Satisfactory
2024-09-25,27.05,50.1,12.54,3.72,67,Satisfactory
2024-09-26,20.51,51.26,26.77,3.61,51,Satisfactory
2024-09-27,51.92,67.04,16.17,2.47,129,Moderate
2024-09-28,32.54,61.07,29.29,3.2,81,Satisfactory
2024-09-29,24.34,55.5,22.97,3.41,60,Satisfactory
2024-09-30,29.86,74.65,29.35,3.44,74,Satisfactory
2024-10-01,50.63,97.64,42.25,3.57,126,Moderate
2024-10-02,49.61,94.25,49.04,2.75,124,Moderate
2024-10-03,72.08,121.93,34.21,2.02,180,Moderate
2024-10-04,54.95,133.57,39.25,3.34,137,Moderate
2024-10-05,43.78,133.23,48.82,3.06,133,Moderate
2024-10-06,40.44,115.42,33.44,3.39,115,Moderate
2024-10-07,70.49,136.58,26.55,2.96,176,Moderate
2024-10-08,65.02,91.15,49.65,4.48,162,Moderate
2024-10-09,40.25,102.79,47.07,2.89,102,Moderate
2024-10-10,51.49,120.23,44.63,2.94,128,Moderate
2024-10-11,64.69,125.81,29.38,3.28,161,Moderate
2024-10-12,60.43,111.6,44.39,2.09,151,Moderate
2024-10-13,51.97,96.25,30.58,3.99,129,Moderate
2024-10-14,62.21,114.59,49.21,2.82,155,Moderate
2024-10-15,61.63,130.3,30.75,2.65,154,Moderate
2024-10-16,63.84,96.98,49.37,2.64,159,Moderate
2024-10-17,68.98,110.77,49.09,2.09,172,Moderate
2024-10-18,51.3,91.42,36.5,3.8,128,Moderate
2024-10-19,59.34,108.54,34.64,3.75,148,Moderate
2024-10-20,70.17,129.32,40.37,3.35,175,Moderate
2024-10-21,51.28,104.34,34.48,3.38,128,Moderate
2024-10-22,59.28,111.94,29.58,4.5,148,Moderate
2024-10-23,44.43,130.32,40.49,3.84,130,Moderate
2024-10-24,56.77,93.93,43.4,2.88,141,Moderate
2024-10-25,72.29,94.87,28.53,3.29,180,Moderate
2024-10-26,50.12,137.59,29.15,3.14,137,Moderate
2024-10-27,57.3,135.91,25.85,3.08,143,Moderate
2024-10-28,40.64,102.67,26.26,4.71,102,Moderate
2024-10-29,84.13,193.99,40.07,3.42,210,Poor
2024-10-30,44.74,133.81,32.35,3.56,133,Moderate
2024-10-31,60.83,187.42,31.83,2.67,187,Moderate
2024-11-01,248.29,443.96,86.27,15.12,500,Severe
2024-11-02,155.77,257.87,50.89,4.89,389,Very Poor
2024-11-03,59.91,157.97,57.63,4.3,157,Moderate
2024-11-04,78.78,160.9,43.32,3.18,196,Moderate
2024-11-05,101.32,226.13,58.08,3.38,253,Poor
2024-11-06,82.48,163.5,42.97,4.2,206,Poor
2024-11-07,83.3,176.25,44.5,4.7,208,Poor
2024-11-08,84.7,135.77,30.74,6.84,211,Poor
2024-11-09,74.11,160.83,31.1,2.59,185,Moderate
2024-11-10,91.77,139.01,56.38,4.05,229,Poor
2024-11-11,84.48,133.14,39.56,6.26,211,Poor
2024-11-12,83.06,128.32,42.05,3.78,207,Poor
2024-11-13,57.0,152.44,54.49,7.85,152,Moderate
2024-11-14,79.64,156.38,42.03,3.0,199,Moderate
2024-11-15,71.0,139.44,42.85,7.14,177,Moderate
2024-11-16,91.3,179.37,58.03,2.86,228,Poor
2024-11-17,64.46,171.33,43.99,6.6,171,Moderate
2024-11-18,89.74,172.75,34.68,3.49,224,Poor
2024-11-19,79.78,179.95,53.85,7.05,199,Moderate
2024-11-20,71.01,174.84,39.4,5.69,177,Moderate
2024-11-21,57.27,118.19,45.01,2.92,143,Moderate
2024-11-22,92.54,112.78,39.99,2.32,231,Poor
2024-11-23,67.18,111.39,37.91,5.64,167,Moderate
2024-11-24,133.53,159.37,50.92,7.07,333,Very Poor
2024-11-25,84.2,138.35,59.44,7.67,210,Poor
2024-11-26,77.06,113.61,31.65,2.04,192,Moderate
2024-11-27,70.21,147.58,54.44,6.12,175,Moderate
2024-11-28,59.87,173.66,31.93,7.41,173,Moderate
2024-11-29,81.32,145.35,38.25,4.15,203,Poor
2024-11-30,122.28,227.05,45.3,4.69,305,Very Poor
2024-12-01,70.23,145.72,41.96,7.32,175,Moderate
2024-12-02,57.59,140.11,30.88,2.53,143,Moderate
2024-12-03,68.96,140.7,30.18,5.87,172,Moderate
2024-12-04,92.52,246.23,41.55,6.07,246,Poor
2024-12-05,74.03,160.45,50.95,2.93,185,Moderate
2024-12-06,63.57,152.92,33.1,6.84,158,Moderate
2024-12-07,79.52,113.88,46.56,5.8,198,Moderate
2024-12-08,84.29,165.34,55.67,7.43,210,Poor
2024-12-09,58.58,118.39,49.02,2.92,146,Moderate
2024-12-10,72.54,121.17,39.99,4.78,181,Moderate
2024-12-11,62.09,171.17,58.83,4.07,171,Moderate
2024-12-12,58.76,139.9,43.96,6.87,146,Moderate
2024-12-13,94.41,208.52,43.67,2.77,236,Poor
2024-12-14,91.54,152.63,53.8,2.19,228,Poor
2024-12-15,125.31,227.15,31.39,4.85,313,Very Poor
2024-12-16,120.26,168.44,43.36,2.76,300,Very Poor
2024-12-17,69.25,139.01,50.08,3.98,173,Moderate
2024-12-18,65.81,145.87,53.27,4.46,164,Moderate
2024-12-19,80.53,125.81,53.63,3.42,201,Poor
2024-12-20,74.98,133.03,49.13,5.71,187,Moderate
2024-12-21,68.9,174.52,39.09,7.6,174,Moderate
2024-12-22,70.78,118.59,57.98,6.46,176,Moderate
2024-12-23,85.76,135.32,39.15,3.39,214,Poor
2024-12-24,128.18,162.7,43.3,3.7,320,Very Poor
2024-12-25,105.96,186.67,42.75,4.13,264,Poor
2024-12-26,72.26,143.99,53.76,6.65,180,Moderate
2024-12-27,88.93,174.4,32.56,5.82,222,Poor
2024-12-28,58.76,167.63,42.34,4.31,167,Moderate
2024-12-29,67.16,121.19,48.65,5.23,167,Moderate
2024-12-30,68.43,121.7,50.21,3.64,171,Moderate
2024-12-31,67.72,124.78,36.49,3.18,169,Moderate
